hts8,hts_dotted,description,mfn_general,china301_list,china301_rate_pct,section232_layer,section232_rate_pct,ruleset_version,ruleset_asof
10063090,1006.30.90,"Semi-milled or wholly milled rice, other",2.1¢/kg,,,,,0.3.4,2026-10-07
17049035,1704.90.35,"Confections or sweetmeats ready for consumption, put up for retail sale, other (not containing cocoa)",5.6%,3,25,,,0.3.4,2026-10-07
27011200,2701.12.00,"Coal; briquettes, ovoids and similar solid fuels manufactured from coal: — Coal, whether or not pulverized, but not agglomerated: — Bituminous coal",Free,,,,,0.3.4,2026-10-07
27011900,2701.19.00,"Coal; briquettes, ovoids and similar solid fuels manufactured from coal: — Coal, whether or not pulverized, but not agglomerated: — Other coal",Free,,,,,0.3.4,2026-10-07
27040000,2704.00.00,"Coke and semicoke of coal, of lignite or of peat, whether or not agglomerated; retort carbon",Free,,,,,0.3.4,2026-10-07
27073000,2707.30.00,Oils and other products of the distillation of high temperature coal tar; similar products in which the weight of the aromatic constituents exceeds that of the nonaromatic constituents: — Xylenes,Free,,,,,0.3.4,2026-10-07
27079990,2707.99.90,Oils and other products of the distillation of high temperature coal tar; similar products in which the weight of the aromatic constituents exceeds that of the nonaromatic constituents: — Other: — Other: — Other,Free,,,,,0.3.4,2026-10-07
27090020,2709.00.20,"Petroleum oils and oils obtained from bituminous minerals, crude: — Testing 25 degrees A.P.I. or more",10.5¢/bbl,,,,,0.3.4,2026-10-07
27101215,2710.12.15,"Petroleum oils and oils obtained from bituminous minerals, other than crude; preparations not elsewhere specified or included, containing by weight 70 percent or more of petroleum oils or of oils obtained from bituminous minerals, these oils being the basic constituents of the preparations; waste oils: — Petroleum oils and oils obtained from bituminous minerals (other than crude) and preparations not elsewhere specified or included, containing by weight 70 percent or more of petroleum oils or of oils obtained from bituminous minerals, these oils being the basic constituents of the preparations, other than those containing biodiesel and other than waste oils: — Light oils and preparations: — Motor fuel",52.5¢/bbl,,,,,0.3.4,2026-10-07
27101218,2710.12.18,"Petroleum oils and oils obtained from bituminous minerals, other than crude; preparations not elsewhere specified or included, containing by weight 70 percent or more of petroleum oils or of oils obtained from bituminous minerals, these oils being the basic constituents of the preparations; waste oils: — Petroleum oils and oils obtained from bituminous minerals (other than crude) and preparations not elsewhere specified or included, containing by weight 70 percent or more of petroleum oils or of oils obtained from bituminous minerals, these oils being the basic constituents of the preparations, other than those containing biodiesel and other than waste oils: — Light oils and preparations: — Motor fuel blending stock",52.5¢/bbl,,,,,0.3.4,2026-10-07
27101245,2710.12.45,"Petroleum oils and oils obtained from bituminous minerals, other than crude; preparations not elsewhere specified or included, containing by weight 70 percent or more of petroleum oils or of oils obtained from bituminous minerals, these oils being the basic constituents of the preparations; waste oils: — Petroleum oils and oils obtained from bituminous minerals (other than crude) and preparations not elsewhere specified or included, containing by weight 70 percent or more of petroleum oils or of oils obtained from bituminous minerals, these oils being the basic constituents of the preparations, other than those containing biodiesel and other than waste oils: — Light oils and preparations: — Other: — Mixtures of hydrocarbons not elsewhere specified or included, which contain by weight not over 50 percent of any single hydrocarbon compound",10.5¢/bbl,,,,,0.3.4,2026-10-07
27101906,2710.19.06,"Petroleum oils and oils obtained from bituminous minerals, other than crude; preparations not elsewhere specified or included, containing by weight 70 percent or more of petroleum oils or of oils obtained from bituminous minerals, these oils being the basic constituents of the preparations; waste oils: — Petroleum oils and oils obtained from bituminous minerals (other than crude) and preparations not elsewhere specified or included, containing by weight 70 percent or more of petroleum oils or of oils obtained from bituminous minerals, these oils being the basic constituents of the preparations, other than those containing biodiesel and other than waste oils: — Other: — Distillate and residual fuel oils (including blended fuel oils): — Testing under 25 degrees A.P.I.",5.25¢/bbl,,,,,0.3.4,2026-10-07
27101911,2710.19.11,"Petroleum oils and oils obtained from bituminous minerals, other than crude; preparations not elsewhere specified or included, containing by weight 70 percent or more of petroleum oils or of oils obtained from bituminous minerals, these oils being the basic constituents of the preparations; waste oils: — Petroleum oils and oils obtained from bituminous minerals (other than crude) and preparations not elsewhere specified or included, containing by weight 70 percent or more of petroleum oils or of oils obtained from bituminous minerals, these oils being the basic constituents of the preparations, other than those containing biodiesel and other than waste oils: — Other: — Distillate and residual fuel oils (including blended fuel oils): — Testing 25 degrees A.P.I. or more",10.5¢/bbl,,,,,0.3.4,2026-10-07
27101930,2710.19.30,"Petroleum oils and oils obtained from bituminous minerals, other than crude; preparations not elsewhere specified or included, containing by weight 70 percent or more of petroleum oils or of oils obtained from bituminous minerals, these oils being the basic constituents of the preparations; waste oils: — Petroleum oils and oils obtained from bituminous minerals (other than crude) and preparations not elsewhere specified or included, containing by weight 70 percent or more of petroleum oils or of oils obtained from bituminous minerals, these oils being the basic constituents of the preparations, other than those containing biodiesel and other than waste oils: — Other: — Lubricating oils and greases, with or without additives: — Oils",84¢/bbl,,,,,0.3.4,2026-10-07
27101945,2710.19.45,"Petroleum oils and oils obtained from bituminous minerals, other than crude; preparations not elsewhere specified or included, containing by weight 70 percent or more of petroleum oils or of oils obtained from bituminous minerals, these oils being the basic constituents of the preparations; waste oils: — Petroleum oils and oils obtained from bituminous minerals (other than crude) and preparations not elsewhere specified or included, containing by weight 70 percent or more of petroleum oils or of oils obtained from bituminous minerals, these oils being the basic constituents of the preparations, other than those containing biodiesel and other than waste oils: — Other: — Other: — Mixtures of hydrocarbons not elsewhere specified or included, which contain by weight not over 50 percent of any single hydrocarbon compound",10.5¢/bbl,,,,,0.3.4,2026-10-07
27102005,2710.20.05,"Petroleum oils and oils obtained from bituminous minerals, other than crude; preparations not elsewhere specified or included, containing by weight 70 percent or more of petroleum oils or of oils obtained from bituminous minerals, these oils being the basic constituents of the preparations; waste oils: — Petroleum oils and oils obtained from bituminous minerals (other than crude) and preparations not elsewhere specified or included containing by weight 70 percent or more of petroleum oils or of oils obtained from bituminous minerals, these oils being the basic constituents of the preparations, containing biodiesel, other than waste oils: — Distillate and residual fuel oils (including blended fuel oils): — Testing under 25 degrees A.P.I.",5.25¢/bbl,,,,,0.3.4,2026-10-07
30019001,3001.90.01,"Glands and other organs for organotherapeutic uses, dried, whether or not powdered; extracts of glands or other organs or of their secretions for organotherapeutic uses; heparin and its salts; other human or animal substances prepared for therapeutic or prophylactic uses, not elsewhere specified or included: — Other",Free,,,"Section 232 pharmaceuticals (20%, general tier)",20,0.3.4,2026-10-07
30021200,3002.12.00,"Human blood; animal blood prepared for therapeutic, prophylactic or diagnostic uses; antisera, other blood fractions and immunological products, whether or not modified or obtained by means of biotechnological processes; vaccines, toxins, cultures of micro-organisms (excluding yeasts) and similar products; cell cultures, whether or not modified: — Antisera, other blood fractions and immunological products, whether or not modified or obtained by means of biotechnological processes: — Antisera and other blood fractions",Free,,,"Section 232 pharmaceuticals (20%, general tier)",20,0.3.4,2026-10-07
30021300,3002.13.00,"Human blood; animal blood prepared for therapeutic, prophylactic or diagnostic uses; antisera, other blood fractions and immunological products, whether or not modified or obtained by means of biotechnological processes; vaccines, toxins, cultures of micro-organisms (excluding yeasts) and similar products; cell cultures, whether or not modified: — Antisera, other blood fractions and immunological products, whether or not modified or obtained by means of biotechnological processes: — Immunological products, unmixed, not put up in measured doses or in forms or packings for retail sale",Free,,,"Section 232 pharmaceuticals (20%, general tier)",20,0.3.4,2026-10-07
30021400,3002.14.00,"Human blood; animal blood prepared for therapeutic, prophylactic or diagnostic uses; antisera, other blood fractions and immunological products, whether or not modified or obtained by means of biotechnological processes; vaccines, toxins, cultures of micro-organisms (excluding yeasts) and similar products; cell cultures, whether or not modified: — Antisera, other blood fractions and immunological products, whether or not modified or obtained by means of biotechnological processes: — Immunological products, mixed, not put up in measured doses or in forms or packings for retail sale",Free,,,"Section 232 pharmaceuticals (20%, general tier)",20,0.3.4,2026-10-07
30021500,3002.15.00,"Human blood; animal blood prepared for therapeutic, prophylactic or diagnostic uses; antisera, other blood fractions and immunological products, whether or not modified or obtained by means of biotechnological processes; vaccines, toxins, cultures of micro-organisms (excluding yeasts) and similar products; cell cultures, whether or not modified: — Antisera, other blood fractions and immunological products, whether or not modified or obtained by means of biotechnological processes: — Immunological products, put up in measured doses or in forms or packings for retail sale",Free,,,"Section 232 pharmaceuticals (20%, general tier)",20,0.3.4,2026-10-07
30024900,3002.49.00,"Human blood; animal blood prepared for therapeutic, prophylactic or diagnostic uses; antisera, other blood fractions and immunological products, whether or not modified or obtained by means of biotechnological processes; vaccines, toxins, cultures of micro-organisms (excluding yeasts) and similar products; cell cultures, whether or not modified: — Vaccines, toxins, cultures of micro-organisms (excluding yeasts) and similar products: — Other",Free,,,"Section 232 pharmaceuticals (20%, general tier)",20,0.3.4,2026-10-07
30029052,3002.90.52,"Human blood; animal blood prepared for therapeutic, prophylactic or diagnostic uses; antisera, other blood fractions and immunological products, whether or not modified or obtained by means of biotechnological processes; vaccines, toxins, cultures of micro-organisms (excluding yeasts) and similar products; cell cultures, whether or not modified: — Other: — Other",Free,,,"Section 232 pharmaceuticals (20%, general tier)",20,0.3.4,2026-10-07
30039001,3003.90.01,"Medicaments (excluding goods of heading 3002, 3005 or 3006) consisting of two or more constituents which have been mixed together for therapeutic or prophylactic uses, not put up in measured doses or in forms or packings for retail sale: — Other",Free,,,"Section 232 pharmaceuticals (20%, general tier)",20,0.3.4,2026-10-07
30041010,3004.10.10,"Medicaments (excluding goods of heading 3002, 3005 or 3006) consisting of mixed or unmixed products for therapeutic or prophylactic uses, put up in measured doses (including those in the form of transdermal administration systems) or in forms or packings for retail sale: — Containing penicillins or derivatives thereof, with a penicillanic acid structure, or streptomycins or their derivatives: — Containing penicillin G salts",Free,,,"Section 232 pharmaceuticals (20%, general tier)",20,0.3.4,2026-10-07
30041050,3004.10.50,"Medicaments (excluding goods of heading 3002, 3005 or 3006) consisting of mixed or unmixed products for therapeutic or prophylactic uses, put up in measured doses (including those in the form of transdermal administration systems) or in forms or packings for retail sale: — Containing penicillins or derivatives thereof, with a penicillanic acid structure, or streptomycins or their derivatives: — Other",Free,,,"Section 232 pharmaceuticals (20%, general tier)",20,0.3.4,2026-10-07
30042000,3004.20.00,"Medicaments (excluding goods of heading 3002, 3005 or 3006) consisting of mixed or unmixed products for therapeutic or prophylactic uses, put up in measured doses (including those in the form of transdermal administration systems) or in forms or packings for retail sale: — Other, containing antibiotics",Free,,,"Section 232 pharmaceuticals (20%, general tier)",20,0.3.4,2026-10-07
30043100,3004.31.00,"Medicaments (excluding goods of heading 3002, 3005 or 3006) consisting of mixed or unmixed products for therapeutic or prophylactic uses, put up in measured doses (including those in the form of transdermal administration systems) or in forms or packings for retail sale: — Other, containing hormones or other products of heading 2937: — Containing insulin",Free,,,"Section 232 pharmaceuticals (20%, general tier)",20,0.3.4,2026-10-07
30043200,3004.32.00,"Medicaments (excluding goods of heading 3002, 3005 or 3006) consisting of mixed or unmixed products for therapeutic or prophylactic uses, put up in measured doses (including those in the form of transdermal administration systems) or in forms or packings for retail sale: — Other, containing hormones or other products of heading 2937: — Containing corticosteroid hormones their derivatives or structural analogues",Free,,,"Section 232 pharmaceuticals (20%, general tier)",20,0.3.4,2026-10-07
30043900,3004.39.00,"Medicaments (excluding goods of heading 3002, 3005 or 3006) consisting of mixed or unmixed products for therapeutic or prophylactic uses, put up in measured doses (including those in the form of transdermal administration systems) or in forms or packings for retail sale: — Other, containing hormones or other products of heading 2937: — Other",Free,,,"Section 232 pharmaceuticals (20%, general tier)",20,0.3.4,2026-10-07
30049000,3004.90.00,"Medicaments, put up in measured doses, other",Free,,,"Section 232 pharmaceuticals (20%, general tier)",20,0.3.4,2026-10-07
32041250,3204.12.50,"Synthetic organic coloring matter, whether or not chemically defined; preparations as specified in note 3 to this chapter based on synthetic organic coloring matter; synthetic organic products of a kind used as fluorescent brightening agents or as luminophores, whether or not chemically defined: — Synthetic organic coloring matter and preparations based thereon as specified in note 3 to this chapter: — Acid dyes, whether or not premetallized, and preparations based thereon; mordant dyes and preparations based thereon: — Other: — Other",6.5%,,,,,0.3.4,2026-10-07
32041704,3204.17.04,"Synthetic organic coloring matter, whether or not chemically defined; preparations as specified in note 3 to this chapter based on synthetic organic coloring matter; synthetic organic products of a kind used as fluorescent brightening agents or as luminophores, whether or not chemically defined: — Synthetic organic coloring matter and preparations based thereon as specified in note 3 to this chapter: — Pigments and preparations based thereon: — Pigment black 1; Pigment blue 16, 18; Pigment brown 22, 23, 25, 32; Pigment green 8; Pigment orange 31, 34, 36, 51; Pigment red 9, 14, 34, 48:3, 52, 68, 112, 139, 144, 146, 151, 166, 169,170, 171, 175, 176, 177, 180, 185, 188, 192, 199, 208, 209, 216, 220, 221; Pigment violet 32; and Pigment yellow 16, 24, 49, 62:1, 81, 93, 95, 97, 108, 109, 110, 113, 117, 127, 153",6.5%,,,,,0.3.4,2026-10-07
32041740,3204.17.40,"Synthetic organic coloring matter, whether or not chemically defined; preparations as specified in note 3 to this chapter based on synthetic organic coloring matter; synthetic organic products of a kind used as fluorescent brightening agents or as luminophores, whether or not chemically defined: — Synthetic organic coloring matter and preparations based thereon as specified in note 3 to this chapter: — Pigments and preparations based thereon: — Isoindolenine red pigment; Pigment red 214, 242, 254; Pigment red 149 dry and pigment red 149 presscake; and Pigment yellow 155, 183",Free,,,,,0.3.4,2026-10-07
32041760,3204.17.60,"Synthetic organic coloring matter, whether or not chemically defined; preparations as specified in note 3 to this chapter based on synthetic organic coloring matter; synthetic organic products of a kind used as fluorescent brightening agents or as luminophores, whether or not chemically defined: — Synthetic organic coloring matter and preparations based thereon as specified in note 3 to this chapter: — Pigments and preparations based thereon: — Other: — Products described in additional U.S. note 3 to section VI",6.5%,,,,,0.3.4,2026-10-07
32041790,3204.17.90,"Synthetic organic coloring matter, whether or not chemically defined; preparations as specified in note 3 to this chapter based on synthetic organic coloring matter; synthetic organic products of a kind used as fluorescent brightening agents or as luminophores, whether or not chemically defined: — Synthetic organic coloring matter and preparations based thereon as specified in note 3 to this chapter: — Pigments and preparations based thereon: — Other: — Other",6.5%,,,,,0.3.4,2026-10-07
32041920,3204.19.20,"Synthetic organic coloring matter, whether or not chemically defined; preparations as specified in note 3 to this chapter based on synthetic organic coloring matter; synthetic organic products of a kind used as fluorescent brightening agents or as luminophores, whether or not chemically defined: — Synthetic organic coloring matter and preparations based thereon as specified in note 3 to this chapter: — Other, including mixtures of coloring matter of two or more of the subheadings 3204.11 to 3204.19: — Solvent dyes and preparations based thereon: — Other: — Products described in additional U.S. note 3 to section VI",6.5%,,,,,0.3.4,2026-10-07
32041925,3204.19.25,"Synthetic organic coloring matter, whether or not chemically defined; preparations as specified in note 3 to this chapter based on synthetic organic coloring matter; synthetic organic products of a kind used as fluorescent brightening agents or as luminophores, whether or not chemically defined: — Synthetic organic coloring matter and preparations based thereon as specified in note 3 to this chapter: — Other, including mixtures of coloring matter of two or more of the subheadings 3204.11 to 3204.19: — Solvent dyes and preparations based thereon: — Other: — Other",6.5%,,,,,0.3.4,2026-10-07
32050040,3205.00.40,Color lakes; preparations as specified in note 3 to this chapter based on color lakes: — Other: — Products described in additional U.S. note 3 to section VI,6.5%,,,,,0.3.4,2026-10-07
32050050,3205.00.50,Color lakes; preparations as specified in note 3 to this chapter based on color lakes: — Other: — Other,6.5%,,,,,0.3.4,2026-10-07
32062000,3206.20.00,"Other coloring matter; preparations as specified in note 3 to this chapter, other than those of heading 3203, 3204 or 3205; inorganic products of a kind used as luminophores, whether or not chemically defined: — Pigments and preparations based on chromium compounds",3.7%,,,,,0.3.4,2026-10-07
32064960,3206.49.60,"Other coloring matter; preparations as specified in note 3 to this chapter, other than those of heading 3203, 3204 or 3205; inorganic products of a kind used as luminophores, whether or not chemically defined: — Other coloring matter and other preparations: — Other: — Other",3.1%,,,,,0.3.4,2026-10-07
32129000,3212.90.00,"Pigments (including metallic powders and flakes) dispersed in nonaqueous media, in liquid or paste form, of a kind used in the manufacture of paints (including enamels); stamping foils; dyes and other coloring matter put up in forms or packings for retail sale: — Other",3.1%,,,,,0.3.4,2026-10-07
32141000,3214.10.00,"Glaziers' putty, grafting putty, resin cements, caulking compounds and other mastics; painters' fillings; nonrefractory surfacing preparations for facades, indoor walls, floors, ceilings or the like: — Glazier's putty, grafting putty, resin cements, caulking compounds and other mastics; painters' fillings",3.7%,,,,,0.3.4,2026-10-07
32151190,3215.11.90,"Printing ink, writing or drawing ink and other inks, whether or not concentrated or solid: — Printing ink: — Black: — Other",1.8%,,,,,0.3.4,2026-10-07
33011951,3301.19.51,"Essential oils (terpeneless or not), including concretes and absolutes; resinoids; extracted oleoresins; concentrates of essential oils in fats, in fixed oils, in waxes or the like, obtained by enfleurage or maceration; terpenic by products of the deterpenation of essential oils; aqueous distillates and aqueous solutions of essential oils: — Essential oils of citrus fruit: — Other: — Other",Free,,,,,0.3.4,2026-10-07
33012500,3301.25.00,"Essential oils (terpeneless or not), including concretes and absolutes; resinoids; extracted oleoresins; concentrates of essential oils in fats, in fixed oils, in waxes or the like, obtained by enfleurage or maceration; terpenic by products of the deterpenation of essential oils; aqueous distillates and aqueous solutions of essential oils: — Essential oils other than those of citrus fruit: — Of other mints",Free,,,,,0.3.4,2026-10-07
33012951,3301.29.51,"Essential oils (terpeneless or not), including concretes and absolutes; resinoids; extracted oleoresins; concentrates of essential oils in fats, in fixed oils, in waxes or the like, obtained by enfleurage or maceration; terpenic by products of the deterpenation of essential oils; aqueous distillates and aqueous solutions of essential oils: — Essential oils other than those of citrus fruit: — Other: — Other",Free,,,,,0.3.4,2026-10-07
33019010,3301.90.10,"Essential oils (terpeneless or not), including concretes and absolutes; resinoids; extracted oleoresins; concentrates of essential oils in fats, in fixed oils, in waxes or the like, obtained by enfleurage or maceration; terpenic by products of the deterpenation of essential oils; aqueous distillates and aqueous solutions of essential oils: — Other: — Extracted oleoresins",3.8%,,,,,0.3.4,2026-10-07
33029010,3302.90.10,"Mixtures of odoriferous substances and mixtures (including alcoholic solutions) with a basis of one or more of these substances, of a kind used as raw materials in industry; other preparations based on odoriferous substances, of a kind used for the manufacture of beverages: — Other: — Containing no alcohol or not over 10 percent of alcohol by weight",Free,,,,,0.3.4,2026-10-07
33029020,3302.90.20,"Mixtures of odoriferous substances and mixtures (including alcoholic solutions) with a basis of one or more of these substances, of a kind used as raw materials in industry; other preparations based on odoriferous substances, of a kind used for the manufacture of beverages: — Other: — Containing over 10 percent of alcohol by weight",Free,,,,,0.3.4,2026-10-07
33030030,3303.00.30,"Perfumes and toilet waters, containing alcohol",Free,3,25,,,0.3.4,2026-10-07
33049100,3304.91.00,"Beauty or make-up preparations and preparations for the care of the skin (other than medicaments), including sunscreen or sun tan preparations; manicure or pedicure preparations: — Other: — Powders, whether or not compressed",Free,,,,,0.3.4,2026-10-07
38011050,3801.10.50,"Artificial graphite; colloidal or semi-colloidal graphite; preparations based on graphite or other carbon in the form of pastes, blocks, plates or other semimanufactures: — Artificial graphite: — Other",Free,,,,,0.3.4,2026-10-07
38019000,3801.90.00,"Artificial graphite; colloidal or semi-colloidal graphite; preparations based on graphite or other carbon in the form of pastes, blocks, plates or other semimanufactures: — Other",4.9%,,,,,0.3.4,2026-10-07
38021000,3802.10.00,"Activated carbon; activated natural mineral products; animal black, including spent animal black: — Activated carbon",4.8%,,,,,0.3.4,2026-10-07
38061000,3806.10.00,"Rosin and resin acids, and derivatives thereof; rosin spirit and rosin oils; run gums: — Rosin and resin acids",5%,,,,,0.3.4,2026-10-07
38089250,3808.92.50,"Insecticides, rodenticides, fungicides, herbicides, antisprouting products and plant-growth regulators, disinfectants and similar products, put up in forms or packings for retail sale or as preparations or articles (for example, sulfur-treated bands, wicks and candles, and flypapers): — Other: — Fungicides: — Other: — Other: — Other",5%,,,,,0.3.4,2026-10-07
38089350,3808.93.50,"Insecticides, rodenticides, fungicides, herbicides, antisprouting products and plant-growth regulators, disinfectants and similar products, put up in forms or packings for retail sale or as preparations or articles (for example, sulfur-treated bands, wicks and candles, and flypapers): — Other: — Herbicides, anti-sprouting products and plant-growth regulators: — Other: — Other",5%,,,,,0.3.4,2026-10-07
38089450,3808.94.50,"Insecticides, rodenticides, fungicides, herbicides, antisprouting products and plant-growth regulators, disinfectants and similar products, put up in forms or packings for retail sale or as preparations or articles (for example, sulfur-treated bands, wicks and candles, and flypapers): — Other: — Disinfectants: — Other",5%,,,,,0.3.4,2026-10-07
38140050,3814.00.50,"Organic composite solvents and thinners, not elsewhere specified or included; prepared paint or varnish removers: — Other",6%,,,,,0.3.4,2026-10-07
38151200,3815.12.00,"Reaction initiators, reaction accelerators and catalytic preparations, not elsewhere specified or included: — Supported catalysts: — With precious metal or precious metal compounds as the active substance",Free,,,,,0.3.4,2026-10-07
38160020,3816.00.20,"Refractory cements, mortars, concretes and similar compositions, including dolomite ramming mix, other than products of heading 3801: — Other",3%,,,,,0.3.4,2026-10-07
38180000,3818.00.00,"Chemical elements doped for use in electronics, in the form of discs, wafers or similar forms; chemical compounds doped for use in electronics",Free,,,,,0.3.4,2026-10-07
38190000,3819.00.00,"Hydraulic brake fluids and other prepared liquids for hydraulic transmission, not containing or containing less than 70 percent by weight of petroleum oils or oils obtained from bituminous minerals",6.5%,,,,,0.3.4,2026-10-07
38210000,3821.00.00,"Prepared culture media for development or maintenance of micro-organisms (including viruses and the like) or of plant, human or animal cells",5%,,,,,0.3.4,2026-10-07
38221900,3822.19.00,"Diagnostic or laboratory reagents on a backing, prepared diagnostic or laboratory reagents whether or not on a backing, whether or not put up in the form of kits, other than those of heading 3006; certified reference materials: — Diagnostic or laboratory reagents on a backing, prepared diagnostic or laboratory reagents whether or not on a backing, whether or not put up in the form of kits: — Other",Free,,,,,0.3.4,2026-10-07
39011050,3901.10.50,"Polymers of ethylene, in primary forms: — Polyethylene having a specific gravity of less than 0.94: — Other",6.5%,,,,,0.3.4,2026-10-07
39029000,3902.90.00,"Polymers of propylene or of other olefins, in primary forms: — Other",6.5%,,,,,0.3.4,2026-10-07
39046100,3904.61.00,"Polymers of vinyl chloride or of other halogenated olefins, in primary forms: — Fluoropolymers: — Polytetrafluoroethylene (PTFE)",5.8%,,,,,0.3.4,2026-10-07
39076100,3907.61.00,"Polyacetals, other polyethers and epoxide resins, in primary forms; polycarbonates, alkyd resins, polyallyl esters and other polyesters, in primary forms: — Poly(ethylene terephthalate): — Having a viscosity number of 78 ml/g or higher",6.5%,,,,,0.3.4,2026-10-07
39076900,3907.69.00,"Polyacetals, other polyethers and epoxide resins, in primary forms; polycarbonates, alkyd resins, polyallyl esters and other polyesters, in primary forms: — Poly(ethylene terephthalate): — Other",6.5%,,,,,0.3.4,2026-10-07
39079950,3907.99.50,"Polyacetals, other polyethers and epoxide resins, in primary forms; polycarbonates, alkyd resins, polyallyl esters and other polyesters, in primary forms: — Other polyesters: — Other: — Other",6.5%,,,,,0.3.4,2026-10-07
39119091,3911.90.91,"Petroleum resins, coumarone-indene resins, polyterpenes, polysulfides, polysulfones and other products specified in note 3 to this chapter, not elsewhere specified or included, in primary forms: — Other: — Other: — Other: — Other",6.5%,,,,,0.3.4,2026-10-07
39123100,3912.31.00,"Cellulose and its chemical derivatives, not elsewhere specified or included, in primary forms: — Cellulose ethers: — Carboxymethylcellulose and its salts",6.4%,,,,,0.3.4,2026-10-07
39129000,3912.90.00,"Cellulose and its chemical derivatives, not elsewhere specified or included, in primary forms: — Other",5.2%,,,,,0.3.4,2026-10-07
39139020,3913.90.20,"Natural polymers (for example, alginic acid) and modified natural polymers (for example, hardened proteins, chemical derivatives of natural rubber), not elsewhere specified or included, in primary forms: — Other: — Polysaccharides and their derivatives",5.8%,,,,,0.3.4,2026-10-07
39159000,3915.90.00,"Waste, parings and scrap, of plastics: — Of other plastics",Free,,,,,0.3.4,2026-10-07
39162000,3916.20.00,"Monofilament of which any cross-sectional dimension exceeds 1 mm, rods, sticks and profile shapes, whether or not surface-worked but not otherwise worked, of plastics: — Of polymers of vinyl chloride",5.8%,,,,,0.3.4,2026-10-07
39172900,3917.29.00,"Tubes, pipes and hoses and fittings therefor (for example, joints, elbows, flanges), of plastics: — Tubes, pipes and hoses, rigid: — Of other plastics",3.1%,,,,,0.3.4,2026-10-07
39173200,3917.32.00,"Tubes, pipes and hoses and fittings therefor (for example, joints, elbows, flanges), of plastics: — Other tubes, pipes and hoses: — Other, not reinforced or otherwise combined with other materials, without fittings",3.1%,,,,,0.3.4,2026-10-07
39199050,3919.90.50,"Self-adhesive plates, sheeting or film, of other plastics, in rolls (die-cut stickers and decals)",5.8%,2,25,,,0.3.4,2026-10-07
40012100,4001.21.00,"Natural rubber, balata, gutta-percha, guayule, chicle and similar natural gums, in primary forms or in plates, sheets or strip: — Natural rubber in other forms: — Smoked sheets",Free,,,,,0.3.4,2026-10-07
40012200,4001.22.00,"Natural rubber, balata, gutta-percha, guayule, chicle and similar natural gums, in primary forms or in plates, sheets or strip: — Natural rubber in other forms: — Technically specified natural rubber (TSNR)",Free,,,,,0.3.4,2026-10-07
40013000,4001.30.00,"Natural rubber, balata, gutta-percha, guayule, chicle and similar natural gums, in primary forms or in plates, sheets or strip: — Balata, gutta-percha, guayule, chicle and similar natural gums",Free,,,,,0.3.4,2026-10-07
40021900,4002.19.00,"Synthetic rubber and factice derived from oils, in primary forms or in plates, sheets or strip; mixtures of any product of heading 4001 with any product of this heading, in primary forms or in plates, sheets or strip: — Styrene-butadiene rubber (SBR); carboxylated styrene-butadiene rubber (XSBR): — Other",Free,,,,,0.3.4,2026-10-07
40091200,4009.12.00,"Tubes, pipes and hoses, of vulcanized rubber other than hard rubber, with or without their fittings (for example, joints, elbows, flanges): — Not reinforced or otherwise combined with other materials: — With fittings",2.5%,,,,,0.3.4,2026-10-07
40092200,4009.22.00,"Tubes, pipes and hoses, of vulcanized rubber other than hard rubber, with or without their fittings (for example, joints, elbows, flanges): — Reinforced or otherwise combined only with metal: — With fittings",2.5%,,,,,0.3.4,2026-10-07
40093200,4009.32.00,"Tubes, pipes and hoses, of vulcanized rubber other than hard rubber, with or without their fittings (for example, joints, elbows, flanges): — Reinforced or otherwise combined only with textile materials: — With fittings",2.5%,,,,,0.3.4,2026-10-07
40094200,4009.42.00,"Tubes, pipes and hoses, of vulcanized rubber other than hard rubber, with or without their fittings (for example, joints, elbows, flanges): — Reinforced or otherwise combined with other materials: — With fittings",2.5%,,,,,0.3.4,2026-10-07
40111010,4011.10.10,"New pneumatic tires, of rubber: — Of a kind used on motor cars (including station wagons and racing cars): — Radial",4%,,,,,0.3.4,2026-10-07
40112010,4011.20.10,"New pneumatic tires, of rubber: — Of a kind used on buses or trucks: — Radial",4%,,,,,0.3.4,2026-10-07
40112050,4011.20.50,"New pneumatic tires, of rubber: — Of a kind used on buses or trucks: — Other",3.4%,,,,,0.3.4,2026-10-07
40113000,4011.30.00,"New pneumatic tires, of rubber: — Of a kind used on aircraft",Free,,,,,0.3.4,2026-10-07
40117000,4011.70.00,"New pneumatic tires, of rubber: — Of a kind used on agricultural or forestry vehicles and machines",Free,,,,,0.3.4,2026-10-07
40118010,4011.80.10,"New pneumatic tires, of rubber: — Of a kind used on construction, mining or industrial handling vehicles and machines: — Having a ""herring-bone"" or similar tread",Free,,,,,0.3.4,2026-10-07
42021100,4202.11.00,"Trunks, suitcases, vanity cases, attache cases, briefcases, school satchels, spectacle cases, binocular cases, camera cases, musical instrument cases, gun cases, holsters and similar containers; traveling bags, insulated food or beverage bags, toiletry bags, knapsacks and backpacks, handbags, shopping bags, wallets, purses, map cases, cigarette cases, tobacco pouches, tool bags, sports bags, bottle cases, jewelry boxes, powder cases, cutlery cases and similar containers, of leather or of composition leather, of sheeting of plastics, of textile materials, of vulcanized fiber or of paperboard, or wholly or mainly covered with such materials or with paper: — Trunks, suitcases, vanity cases, attache cases, briefcases, school satchels and similar containers: — With outer surface of leather or of composition leather",8%,,,,,0.3.4,2026-10-07
42021200,4202.12.00,"Handbags, with outer surface of plastic sheeting or of textile materials",17.6%,,,,,0.3.4,2026-10-07
42021221,4202.12.21,"Trunks, suitcases, vanity cases, attache cases, briefcases, school satchels, spectacle cases, binocular cases, camera cases, musical instrument cases, gun cases, holsters and similar containers; traveling bags, insulated food or beverage bags, toiletry bags, knapsacks and backpacks, handbags, shopping bags, wallets, purses, map cases, cigarette cases, tobacco pouches, tool bags, sports bags, bottle cases, jewelry boxes, powder cases, cutlery cases and similar containers, of leather or of composition leather, of sheeting of plastics, of textile materials, of vulcanized fiber or of paperboard, or wholly or mainly covered with such materials or with paper: — Trunks, suitcases, vanity cases, attache cases, briefcases, school satchels and similar containers: — With outer surface of plastics or of textile materials: — With outer surface of plastics: — Trunks, suitcases, vanity cases and similar containers",20%,,,,,0.3.4,2026-10-07
42021229,4202.12.29,"Trunks, suitcases, vanity cases, attache cases, briefcases, school satchels, spectacle cases, binocular cases, camera cases, musical instrument cases, gun cases, holsters and similar containers; traveling bags, insulated food or beverage bags, toiletry bags, knapsacks and backpacks, handbags, shopping bags, wallets, purses, map cases, cigarette cases, tobacco pouches, tool bags, sports bags, bottle cases, jewelry boxes, powder cases, cutlery cases and similar containers, of leather or of composition leather, of sheeting of plastics, of textile materials, of vulcanized fiber or of paperboard, or wholly or mainly covered with such materials or with paper: — Trunks, suitcases, vanity cases, attache cases, briefcases, school satchels and similar containers: — With outer surface of plastics or of textile materials: — With outer surface of plastics: — Other",20%,,,,,0.3.4,2026-10-07
42021281,4202.12.81,"Trunks, suitcases, vanity cases, attache cases, briefcases, school satchels, spectacle cases, binocular cases, camera cases, musical instrument cases, gun cases, holsters and similar containers; traveling bags, insulated food or beverage bags, toiletry bags, knapsacks and backpacks, handbags, shopping bags, wallets, purses, map cases, cigarette cases, tobacco pouches, tool bags, sports bags, bottle cases, jewelry boxes, powder cases, cutlery cases and similar containers, of leather or of composition leather, of sheeting of plastics, of textile materials, of vulcanized fiber or of paperboard, or wholly or mainly covered with such materials or with paper: — Trunks, suitcases, vanity cases, attache cases, briefcases, school satchels and similar containers: — With outer surface of plastics or of textile materials: — With outer surface of textile materials: — Of man-made fibers",17.6%,,,,,0.3.4,2026-10-07
42021289,4202.12.89,"Trunks, suitcases, vanity cases, attache cases, briefcases, school satchels, spectacle cases, binocular cases, camera cases, musical instrument cases, gun cases, holsters and similar containers; traveling bags, insulated food or beverage bags, toiletry bags, knapsacks and backpacks, handbags, shopping bags, wallets, purses, map cases, cigarette cases, tobacco pouches, tool bags, sports bags, bottle cases, jewelry boxes, powder cases, cutlery cases and similar containers, of leather or of composition leather, of sheeting of plastics, of textile materials, of vulcanized fiber or of paperboard, or wholly or mainly covered with such materials or with paper: — Trunks, suitcases, vanity cases, attache cases, briefcases, school satchels and similar containers: — With outer surface of plastics or of textile materials: — With outer surface of textile materials: — Other",17.6%,,,,,0.3.4,2026-10-07
42022240,4202.22.40,"Trunks, suitcases, vanity cases, attache cases, briefcases, school satchels, spectacle cases, binocular cases, camera cases, musical instrument cases, gun cases, holsters and similar containers; traveling bags, insulated food or beverage bags, toiletry bags, knapsacks and backpacks, handbags, shopping bags, wallets, purses, map cases, cigarette cases, tobacco pouches, tool bags, sports bags, bottle cases, jewelry boxes, powder cases, cutlery cases and similar containers, of leather or of composition leather, of sheeting of plastics, of textile materials, of vulcanized fiber or of paperboard, or wholly or mainly covered with such materials or with paper: — Handbags, whether or not with shoulder strap, including those without handle: — With outer surface of sheeting of plastics or of textile materials: — With outer surface of textile materials: — Wholly or in part of braid: — Other",7.4%,,,,,0.3.4,2026-10-07
42022281,4202.22.81,Handbags with outer surface of man-made fiber textile materials,17.6%,3,25,,,0.3.4,2026-10-07
42022289,4202.22.89,"Trunks, suitcases, vanity cases, attache cases, briefcases, school satchels, spectacle cases, binocular cases, camera cases, musical instrument cases, gun cases, holsters and similar containers; traveling bags, insulated food or beverage bags, toiletry bags, knapsacks and backpacks, handbags, shopping bags, wallets, purses, map cases, cigarette cases, tobacco pouches, tool bags, sports bags, bottle cases, jewelry boxes, powder cases, cutlery cases and similar containers, of leather or of composition leather, of sheeting of plastics, of textile materials, of vulcanized fiber or of paperboard, or wholly or mainly covered with such materials or with paper: — Handbags, whether or not with shoulder strap, including those without handle: — With outer surface of sheeting of plastics or of textile materials: — With outer surface of textile materials: — Other: — Other: — Other",17.6%,,,,,0.3.4,2026-10-07
42029190,4202.91.90,"Trunks, suitcases, vanity cases, attache cases, briefcases, school satchels, spectacle cases, binocular cases, camera cases, musical instrument cases, gun cases, holsters and similar containers; traveling bags, insulated food or beverage bags, toiletry bags, knapsacks and backpacks, handbags, shopping bags, wallets, purses, map cases, cigarette cases, tobacco pouches, tool bags, sports bags, bottle cases, jewelry boxes, powder cases, cutlery cases and similar containers, of leather or of composition leather, of sheeting of plastics, of textile materials, of vulcanized fiber or of paperboard, or wholly or mainly covered with such materials or with paper: — Other: — With outer surface of leather or of composition leather: — Other",4.5%,,,,,0.3.4,2026-10-07
42029208,4202.92.08,"Trunks, suitcases, vanity cases, attache cases, briefcases, school satchels, spectacle cases, binocular cases, camera cases, musical instrument cases, gun cases, holsters and similar containers; traveling bags, insulated food or beverage bags, toiletry bags, knapsacks and backpacks, handbags, shopping bags, wallets, purses, map cases, cigarette cases, tobacco pouches, tool bags, sports bags, bottle cases, jewelry boxes, powder cases, cutlery cases and similar containers, of leather or of composition leather, of sheeting of plastics, of textile materials, of vulcanized fiber or of paperboard, or wholly or mainly covered with such materials or with paper: — Other: — With outer surface of sheeting of plastics or of textile materials: — Insulated food or beverage bags: — With outer surface of textile materials: — Other",7%,,,,,0.3.4,2026-10-07
42029215,4202.92.15,"Travel, sports and similar bags, with outer surface of cotton (e.g. canvas tote bags)",6.3%,3,25,,,0.3.4,2026-10-07
42029231,4202.92.31,"Travel, sports and similar bags, with outer surface of man-made fiber textile materials (includes backpacks, statistical suffix .3120)",17.6%,3,25,,,0.3.4,2026-10-07
42029233,4202.92.33,"Trunks, suitcases, vanity cases, attache cases, briefcases, school satchels, spectacle cases, binocular cases, camera cases, musical instrument cases, gun cases, holsters and similar containers; traveling bags, insulated food or beverage bags, toiletry bags, knapsacks and backpacks, handbags, shopping bags, wallets, purses, map cases, cigarette cases, tobacco pouches, tool bags, sports bags, bottle cases, jewelry boxes, powder cases, cutlery cases and similar containers, of leather or of composition leather, of sheeting of plastics, of textile materials, of vulcanized fiber or of paperboard, or wholly or mainly covered with such materials or with paper: — Other: — With outer surface of sheeting of plastics or of textile materials: — Travel, sports and similar bags: — With outer surface of textile materials: — Of paper yarn or of cotton; containing 85 percent or more by weight of silk or silk waste",17.6%,,,,,0.3.4,2026-10-07
42029260,4202.92.60,"Trunks, suitcases, vanity cases, attache cases, briefcases, school satchels, spectacle cases, binocular cases, camera cases, musical instrument cases, gun cases, holsters and similar containers; traveling bags, insulated food or beverage bags, toiletry bags, knapsacks and backpacks, handbags, shopping bags, wallets, purses, map cases, cigarette cases, tobacco pouches, tool bags, sports bags, bottle cases, jewelry boxes, powder cases, cutlery cases and similar containers, of leather or of composition leather, of sheeting of plastics, of textile materials, of vulcanized fiber or of paperboard, or wholly or mainly covered with such materials or with paper: — Other: — With outer surface of sheeting of plastics or of textile materials: — Other: — Of cotton",6.3%,,,,,0.3.4,2026-10-07
42029293,4202.92.93,"Trunks, suitcases, vanity cases, attache cases, briefcases, school satchels, spectacle cases, binocular cases, camera cases, musical instrument cases, gun cases, holsters and similar containers; traveling bags, insulated food or beverage bags, toiletry bags, knapsacks and backpacks, handbags, shopping bags, wallets, purses, map cases, cigarette cases, tobacco pouches, tool bags, sports bags, bottle cases, jewelry boxes, powder cases, cutlery cases and similar containers, of leather or of composition leather, of sheeting of plastics, of textile materials, of vulcanized fiber or of paperboard, or wholly or mainly covered with such materials or with paper: — Other: — With outer surface of sheeting of plastics or of textile materials: — Other: — Other: — With outer surface of textile materials: — Other",17.6%,,,,,0.3.4,2026-10-07
42031040,4203.10.40,"Articles of apparel and clothing accessories, of leather or of composition leather: — Articles of apparel: — Other",6%,,,,,0.3.4,2026-10-07
44013942,4401.39.42,"Fuel wood, in logs, in billets, in twigs, in faggots or in similar forms; wood in chips or particles; sawdust and wood waste and scrap, whether or not agglomerated in logs, briquettes, pellets or similar forms: — Sawdust and wood waste and scrap, agglomerated in logs, briquettes, pellets or similar forms: — Other: — Other",Free,,,Section 232 softwood timber (10%),10,0.3.4,2026-10-07
44014900,4401.49.00,"Fuel wood, in logs, in billets, in twigs, in faggots or in similar forms; wood in chips or particles; sawdust and wood waste and scrap, whether or not agglomerated in logs, briquettes, pellets or similar forms: — Sawdust and wood waste and scrap, not agglomerated: — Other",Free,,,Section 232 softwood timber (10%),10,0.3.4,2026-10-07
44031100,4403.11.00,"Wood in the rough, whether or not stripped of bark or sap- wood, or roughly squared: — Treated with paint, stain, creosote or other preservatives: — Coniferous",Free,,,Section 232 softwood timber (10%),10,0.3.4,2026-10-07
44031200,4403.12.00,"Wood in the rough, whether or not stripped of bark or sap- wood, or roughly squared: — Treated with paint, stain, creosote or other preservatives: — Nonconiferous",Free,,,Section 232 softwood timber (10%),10,0.3.4,2026-10-07
44032101,4403.21.01,"Wood in the rough, whether or not stripped of bark or sap- wood, or roughly squared: — Other, coniferous: — Of pine (Pinus spp.), of which the smallest cross-sectional dimension is 15 cm or more",Free,,,Section 232 softwood timber (10%),10,0.3.4,2026-10-07
44032201,4403.22.01,"Wood in the rough, whether or not stripped of bark or sap- wood, or roughly squared: — Other, coniferous: — Of pine (Pinus spp.), other",Free,,,Section 232 softwood timber (10%),10,0.3.4,2026-10-07
44032301,4403.23.01,"Wood in the rough, whether or not stripped of bark or sap- wood, or roughly squared: — Other, coniferous: — Of fir (Abies spp.) and spruce (Picea spp.), of which the smallest cross-sectional dimension is 15 cm or more",Free,,,Section 232 softwood timber (10%),10,0.3.4,2026-10-07
44032401,4403.24.01,"Wood in the rough, whether or not stripped of bark or sap- wood, or roughly squared: — Other, coniferous: — Of fir (Abies spp.) and spruce (Picea spp.), other",Free,,,Section 232 softwood timber (10%),10,0.3.4,2026-10-07
44032501,4403.25.01,"Wood in the rough, whether or not stripped of bark or sap- wood, or roughly squared: — Other, coniferous: — Other, of which the smallest cross-sectional dimension is 15 cm or more",Free,,,Section 232 softwood timber (10%),10,0.3.4,2026-10-07
44032601,4403.26.01,"Wood in the rough, whether or not stripped of bark or sap- wood, or roughly squared: — Other, coniferous: — Other",Free,,,Section 232 softwood timber (10%),10,0.3.4,2026-10-07
44039100,4403.91.00,"Wood in the rough, whether or not stripped of bark or sap- wood, or roughly squared: — Other: — Of oak (Quercus spp.)",Free,,,Section 232 softwood timber (10%),10,0.3.4,2026-10-07
44039501,4403.95.01,"Wood in the rough, whether or not stripped of bark or sap- wood, or roughly squared: — Other: — Of birch (Betula spp.), of which the smallest cross-sectional dimension is 15 cm or more",Free,,,Section 232 softwood timber (10%),10,0.3.4,2026-10-07
44039601,4403.96.01,"Wood in the rough, whether or not stripped of bark or sap- wood, or roughly squared: — Other: — Of birch (Betula spp.), other",Free,,,Section 232 softwood timber (10%),10,0.3.4,2026-10-07
44039700,4403.97.00,"Wood in the rough, whether or not stripped of bark or sap- wood, or roughly squared: — Other: — Of poplar and aspen (Populus spp.)",Free,,,Section 232 softwood timber (10%),10,0.3.4,2026-10-07
44071100,4407.11.00,"Coniferous wood sawn lengthwise, of pine",Free,,,Section 232 softwood timber (10%),10,0.3.4,2026-10-07
48010001,4801.00.01,"Newsprint, in rolls or sheets",Free,,,,,0.3.4,2026-10-07
48022040,4802.20.40,"Uncoated paper and paperboard, of a kind used for writing, printing or other graphic purposes, and non perforated punch-cards and punch tape paper, in rolls or rectangular (including square) sheets, of any size, other than paper of heading 4801 or 4803; hand-made paper and paperboard: — Paper and paperboard of a kind used as a base for photo-sensitive, heat-sensitive or electro-sensitive paper or paperboard: — Other: — Other",Free,,,,,0.3.4,2026-10-07
48025570,4802.55.70,"Uncoated paper and paperboard, of a kind used for writing, printing or other graphic purposes, and non perforated punch-cards and punch tape paper, in rolls or rectangular (including square) sheets, of any size, other than paper of heading 4801 or 4803; hand-made paper and paperboard: — Other paper and paperboard, not containing fibers obtained by a mechanical or chemi-mechanical process or of which not more than 10 percent by weight of the total fiber content consists of such fibers: — Weighing 40 g/m² or more but not more than 150 g/m², in rolls: — Other: — Other",Free,,,,,0.3.4,2026-10-07
48025670,4802.56.70,"Uncoated paper and paperboard, of a kind used for writing, printing or other graphic purposes, and non perforated punch-cards and punch tape paper, in rolls or rectangular (including square) sheets, of any size, other than paper of heading 4801 or 4803; hand-made paper and paperboard: — Other paper and paperboard, not containing fibers obtained by a mechanical or chemi-mechanical process or of which not more than 10 percent by weight of the total fiber content consists of such fibers: — Weighing 40 g/m² or more but not more than 150 g/m², in sheets with one side not exceeding 435 mm and the other side not exceeding 297 mm in the unfolded state: — Other: — Other",Free,,,,,0.3.4,2026-10-07
48025710,4802.57.10,"Uncoated paper and paperboard, of a kind used for writing, printing or other graphic purposes, and non perforated punch-cards and punch tape paper, in rolls or rectangular (including square) sheets, of any size, other than paper of heading 4801 or 4803; hand-made paper and paperboard: — Other paper and paperboard, not containing fibers obtained by a mechanical or chemi-mechanical process or of which not more than 10 percent by weight of the total fiber content consists of such fibers: — Other, weighing 40 g/m² or more but not more than 150 g/m²: — Writing and cover paper",Free,,,,,0.3.4,2026-10-07
48025740,4802.57.40,"Uncoated paper and paperboard, of a kind used for writing, printing or other graphic purposes, and non perforated punch-cards and punch tape paper, in rolls or rectangular (including square) sheets, of any size, other than paper of heading 4801 or 4803; hand-made paper and paperboard: — Other paper and paperboard, not containing fibers obtained by a mechanical or chemi-mechanical process or of which not more than 10 percent by weight of the total fiber content consists of such fibers: — Other, weighing 40 g/m² or more but not more than 150 g/m²: — Other",Free,,,,,0.3.4,2026-10-07
48025820,4802.58.20,"Uncoated paper and paperboard, of a kind used for writing, printing or other graphic purposes, and non perforated punch-cards and punch tape paper, in rolls or rectangular (including square) sheets, of any size, other than paper of heading 4801 or 4803; hand-made paper and paperboard: — Other paper and paperboard, not containing fibers obtained by a mechanical or chemi-mechanical process or of which not more than 10 percent by weight of the total fiber content consists of such fibers: — Weighing more than 150 g/m²: — In strips or rolls of a width exceeding 15 cm or in rectangular (including square) sheets with one side exceeding 36 cm and the other side exceeding 15 cm in the unfolded state: — Other",Free,,,,,0.3.4,2026-10-07
48025860,4802.58.60,"Uncoated paper and paperboard, of a kind used for writing, printing or other graphic purposes, and non perforated punch-cards and punch tape paper, in rolls or rectangular (including square) sheets, of any size, other than paper of heading 4801 or 4803; hand-made paper and paperboard: — Other paper and paperboard, not containing fibers obtained by a mechanical or chemi-mechanical process or of which not more than 10 percent by weight of the total fiber content consists of such fibers: — Weighing more than 150 g/m²: — Other: — Other",Free,,,,,0.3.4,2026-10-07
48026131,4802.61.31,"Uncoated paper and paperboard, of a kind used for writing, printing or other graphic purposes, and non perforated punch-cards and punch tape paper, in rolls or rectangular (including square) sheets, of any size, other than paper of heading 4801 or 4803; hand-made paper and paperboard: — Other paper and paperboard, of which more than 10 percent by weight of the total fiber content consists of fibers obtained by a mechanical or chemi-mechanical process: — In rolls: — Of a width exceeding 15 cm: — Other",Free,,,,,0.3.4,2026-10-07
48026160,4802.61.60,"Uncoated paper and paperboard, of a kind used for writing, printing or other graphic purposes, and non perforated punch-cards and punch tape paper, in rolls or rectangular (including square) sheets, of any size, other than paper of heading 4801 or 4803; hand-made paper and paperboard: — Other paper and paperboard, of which more than 10 percent by weight of the total fiber content consists of fibers obtained by a mechanical or chemi-mechanical process: — In rolls: — Other: — Other",Free,,,,,0.3.4,2026-10-07
48026261,4802.62.61,"Uncoated paper and paperboard, of a kind used for writing, printing or other graphic purposes, and non perforated punch-cards and punch tape paper, in rolls or rectangular (including square) sheets, of any size, other than paper of heading 4801 or 4803; hand-made paper and paperboard: — Other paper and paperboard, of which more than 10 percent by weight of the total fiber content consists of fibers obtained by a mechanical or chemi-mechanical process: — In sheets with one side not exceeding 435 mm and the other side not exceeding 297 mm in the unfolded state: — Other: — Other",Free,,,,,0.3.4,2026-10-07
48043140,4804.31.40,"Uncoated kraft paper and paperboard, in rolls or sheets, other than that of heading 4802 or 4803: — Other kraft paper and paperboard weighing 150 g/m² or less: — Unbleached: — Wrapping paper",Free,,,,,0.3.4,2026-10-07
48043940,4804.39.40,"Uncoated kraft paper and paperboard, in rolls or sheets, other than that of heading 4802 or 4803: — Other kraft paper and paperboard weighing 150 g/m² or less: — Other: — Wrapping paper",Free,,,,,0.3.4,2026-10-07
48043960,4804.39.60,"Uncoated kraft paper and paperboard, in rolls or sheets, other than that of heading 4802 or 4803: — Other kraft paper and paperboard weighing 150 g/m² or less: — Other: — Other",Free,,,,,0.3.4,2026-10-07
48201020,4820.10.20,"Diaries, notebooks and address books, bound; memorandum pads, letter pads and similar articles (paper)",Free,3,25,,,0.3.4,2026-10-07
49090020,4909.00.20,"Postcards, printed or illustrated",Free,4A,7.5,,,0.3.4,2026-10-07
58012600,5801.26.00,"Woven pile fabrics and chenille fabrics, other than fabrics of heading 5802 or 5806: — Of cotton: — Chenille fabrics",Free,,,,,0.3.4,2026-10-07
58012750,5801.27.50,"Woven pile fabrics and chenille fabrics, other than fabrics of heading 5802 or 5806: — Of cotton: — Warp pile fabrics: — Cut (224)",18.5%,,,,,0.3.4,2026-10-07
58013600,5801.36.00,"Woven pile fabrics and chenille fabrics, other than fabrics of heading 5802 or 5806: — Of man-made fibers: — Chenille fabrics",9.8%,,,,,0.3.4,2026-10-07
58013750,5801.37.50,"Woven pile fabrics and chenille fabrics, other than fabrics of heading 5802 or 5806: — Of man-made fibers: — Warp pile fabrics: — Cut",17.2%,,,,,0.3.4,2026-10-07
58019020,5801.90.20,"Woven pile fabrics and chenille fabrics, other than fabrics of heading 5802 or 5806: — Of other textile materials: — Other",2.7%,,,,,0.3.4,2026-10-07
58022000,5802.20.00,"Terry toweling and similar woven terry fabrics, other than narrow fabrics of heading 5806; tufted textile fabrics, other than products of heading 5703: — Terry toweling and similar woven terry fabrics, of other textile materials",14%,,,,,0.3.4,2026-10-07
58023000,5802.30.00,"Terry toweling and similar woven terry fabrics, other than narrow fabrics of heading 5806; tufted textile fabrics, other than products of heading 5703: — Tufted textile fabrics",6.2%,,,,,0.3.4,2026-10-07
58030090,5803.00.90,"Gauze, other than narrow fabrics of heading 5806: — Of other textile materials: — Other",Free,,,,,0.3.4,2026-10-07
58041090,5804.10.90,"Tulles and other net fabrics, not including woven, knitted or crocheted fabrics; lace in the piece, in strips or in motifs, other than fabrics of headings 6002 to 6006: — Tulles and other net fabrics: — Other",Free,,,,,0.3.4,2026-10-07
58042990,5804.29.90,"Tulles and other net fabrics, not including woven, knitted or crocheted fabrics; lace in the piece, in strips or in motifs, other than fabrics of headings 6002 to 6006: — Mechanically made lace: — Of other textile materials: — Other",5%,,,,,0.3.4,2026-10-07
58043000,5804.30.00,"Tulles and other net fabrics, not including woven, knitted or crocheted fabrics; lace in the piece, in strips or in motifs, other than fabrics of headings 6002 to 6006: — Hand-made lace",13.2%,,,,,0.3.4,2026-10-07
58050040,5805.00.40,"Hand-woven tapestries of the type Gobelins, Flanders, Aubusson, Beauvais and the like, and needle-worked tapestries (for example, petit point, cross stitch), whether or not made up: — Other: — Other",Free,,,,,0.3.4,2026-10-07
58061030,5806.10.30,"Narrow woven fabrics, other than goods of heading 5807; narrow fabrics consisting of warp without weft assembled by means of an adhesive (bolducs): — Woven pile fabrics (including terry toweling and similar terry fabrics) and chenille fabrics: — Other",3.8%,,,,,0.3.4,2026-10-07
58062000,5806.20.00,"Narrow woven fabrics, other than goods of heading 5807; narrow fabrics consisting of warp without weft assembled by means of an adhesive (bolducs): — Other woven fabrics, containing by weight 5 percent or more of elastomeric yarn or rubber thread",7%,,,,,0.3.4,2026-10-07
60019100,6001.91.00,"Pile fabrics, including ""long pile"" fabrics and terry fabrics, knitted or crocheted: — Other: — Of cotton",18.5%,,,,,0.3.4,2026-10-07
60019200,6001.92.00,"Pile fabrics, including ""long pile"" fabrics and terry fabrics, knitted or crocheted: — Other: — Of man-made fibers",17.2%,,,,,0.3.4,2026-10-07
60024080,6002.40.80,"Knitted or crocheted fabrics of a width not exceeding 30 cm, containing by weight 5 percent or more of elastomeric yarn or rubber thread, other than those of heading 6001: — Containing by weight 5 percent or more of elastomeric yarn but not containing rubber thread: — Other",8%,,,,,0.3.4,2026-10-07
60029080,6002.90.80,"Knitted or crocheted fabrics of a width not exceeding 30 cm, containing by weight 5 percent or more of elastomeric yarn or rubber thread, other than those of heading 6001: — Other: — Other",8%,,,,,0.3.4,2026-10-07
60041000,6004.10.00,"Knitted or crocheted fabrics of a width exceeding 30 cm, containing by weight 5 percent or more of elastomeric yarn or rubber thread, other than those of heading 6001: — Containing by weight 5 percent or more of elastomeric yarn but not containing rubber thread",12.3%,,,,,0.3.4,2026-10-07
60049020,6004.90.20,"Knitted or crocheted fabrics of a width exceeding 30 cm, containing by weight 5 percent or more of elastomeric yarn or rubber thread, other than those of heading 6001: — Other: — Containing elastomeric yarn and rubber thread",12.3%,,,,,0.3.4,2026-10-07
60053600,6005.36.00,"Warp knit fabrics (including those made on galloon knitting machines), other than those of headings 6001 to 6004: — Of synthetic fibers: — Other, unbleached or bleached",10%,,,,,0.3.4,2026-10-07
60053700,6005.37.00,"Warp knit fabrics (including those made on galloon knitting machines), other than those of headings 6001 to 6004: — Of synthetic fibers: — Other, dyed",10%,,,,,0.3.4,2026-10-07
60053800,6005.38.00,"Warp knit fabrics (including those made on galloon knitting machines), other than those of headings 6001 to 6004: — Of synthetic fibers: — Other, of yarns of different colors",10%,,,,,0.3.4,2026-10-07
60053900,6005.39.00,"Warp knit fabrics (including those made on galloon knitting machines), other than those of headings 6001 to 6004: — Of synthetic fibers: — Other, printed",10%,,,,,0.3.4,2026-10-07
60054100,6005.41.00,"Warp knit fabrics (including those made on galloon knitting machines), other than those of headings 6001 to 6004: — Of artificial fibers: — Unbleached or bleached",10%,,,,,0.3.4,2026-10-07
60054200,6005.42.00,"Warp knit fabrics (including those made on galloon knitting machines), other than those of headings 6001 to 6004: — Of artificial fibers: — Dyed",10%,,,,,0.3.4,2026-10-07
60054300,6005.43.00,"Warp knit fabrics (including those made on galloon knitting machines), other than those of headings 6001 to 6004: — Of artificial fibers: — Of yarns of different colors",10%,,,,,0.3.4,2026-10-07
60054400,6005.44.00,"Warp knit fabrics (including those made on galloon knitting machines), other than those of headings 6001 to 6004: — Of artificial fibers: — Printed",10%,,,,,0.3.4,2026-10-07
61012000,6101.20.00,"Men's or boys' overcoats, carcoats, capes, cloaks, anoraks (including ski-jackets), windbreakers and similar articles, knitted or crocheted, other than those of heading 6103: — Of cotton",15.9%,,,,,0.3.4,2026-10-07
61013020,6101.30.20,"Men's or boys' overcoats, carcoats, capes, cloaks, anoraks (including ski-jackets), windbreakers and similar articles, knitted or crocheted, other than those of heading 6103: — Of man-made fibers: — Other: — Other",28.2%,,,,,0.3.4,2026-10-07
61019090,6101.90.90,"Men's or boys' overcoats, carcoats, capes, cloaks, anoraks (including ski-jackets), windbreakers and similar articles, knitted or crocheted, other than those of heading 6103: — Of other textile materials: — Other",5.7%,,,,,0.3.4,2026-10-07
61022000,6102.20.00,"Women's or girls' overcoats, carcoats, capes, cloaks, anoraks (including ski-jackets), windbreakers and similar articles, knitted or crocheted, other than those of heading 6104: — Of cotton",15.9%,,,,,0.3.4,2026-10-07
61023020,6102.30.20,"Women's or girls' overcoats, carcoats, capes, cloaks, anoraks (including ski-jackets), windbreakers and similar articles, knitted or crocheted, other than those of heading 6104: — Of man-made fibers: — Other: — Other",28.2%,,,,,0.3.4,2026-10-07
61029090,6102.90.90,"Women's or girls' overcoats, carcoats, capes, cloaks, anoraks (including ski-jackets), windbreakers and similar articles, knitted or crocheted, other than those of heading 6104: — Of other textile materials: — Other",5.7%,,,,,0.3.4,2026-10-07
61031060,6103.10.60,"Men's or boys' suits, ensembles, suit-type jackets, blazers, trousers, bib and brace overalls, breeches and shorts (other than swimwear), knitted or crocheted: — Suits: — Of other textile materials: — Of cotton",9.4%,,,,,0.3.4,2026-10-07
61031090,6103.10.90,"Men's or boys' suits, ensembles, suit-type jackets, blazers, trousers, bib and brace overalls, breeches and shorts (other than swimwear), knitted or crocheted: — Suits: — Of other textile materials: — Other",5.6%,,,,,0.3.4,2026-10-07
61032200,6103.22.00,"Men's or boys' suits, ensembles, suit-type jackets, blazers, trousers, bib and brace overalls, breeches and shorts (other than swimwear), knitted or crocheted: — Ensembles: — Of cotton",The rate applicable to each garment in the ensemble if separately entered,,,,,0.3.4,2026-10-07
61032300,6103.23.00,"Men's or boys' suits, ensembles, suit-type jackets, blazers, trousers, bib and brace overalls, breeches and shorts (other than swimwear), knitted or crocheted: — Ensembles: — Of synthetic fibers",The rate applicable to each garment in the ensemble if separately entered,,,,,0.3.4,2026-10-07
61032905,6103.29.05,"Men's or boys' suits, ensembles, suit-type jackets, blazers, trousers, bib and brace overalls, breeches and shorts (other than swimwear), knitted or crocheted: — Ensembles: — Of other textile materials: — Of wool or fine animal hair",The rate applicable to each garment in the ensemble if separately entered,,,,,0.3.4,2026-10-07
61032910,6103.29.10,"Men's or boys' suits, ensembles, suit-type jackets, blazers, trousers, bib and brace overalls, breeches and shorts (other than swimwear), knitted or crocheted: — Ensembles: — Of other textile materials: — Of artificial fibers",The rate applicable to each garment in the ensemble if separately entered,,,,,0.3.4,2026-10-07
61032920,6103.29.20,"Men's or boys' suits, ensembles, suit-type jackets, blazers, trousers, bib and brace overalls, breeches and shorts (other than swimwear), knitted or crocheted: — Ensembles: — Of other textile materials: — Other",The rate applicable to each garment in the ensemble if separately entered,,,,,0.3.4,2026-10-07
61033980,6103.39.80,"Men's or boys' suits, ensembles, suit-type jackets, blazers, trousers, bib and brace overalls, breeches and shorts (other than swimwear), knitted or crocheted: — Suit-type jackets and blazers: — Of other textile materials: — Other",5.6%,,,,,0.3.4,2026-10-07
61034110,6103.41.10,"Men's or boys' suits, ensembles, suit-type jackets, blazers, trousers, bib and brace overalls, breeches and shorts (other than swimwear), knitted or crocheted: — Trousers, bib and brace overalls, breeches and shorts: — Of wool or fine animal hair: — Trousers, breeches and shorts",61.1¢/kg + 15.8%,,,,,0.3.4,2026-10-07
61034210,6103.42.10,"Men's or boys' suits, ensembles, suit-type jackets, blazers, trousers, bib and brace overalls, breeches and shorts (other than swimwear), knitted or crocheted: — Trousers, bib and brace overalls, breeches and shorts: — Of cotton: — Trousers, breeches and shorts",16.1%,,,,,0.3.4,2026-10-07
61034220,6103.42.20,"Men's or boys' suits, ensembles, suit-type jackets, blazers, trousers, bib and brace overalls, breeches and shorts (other than swimwear), knitted or crocheted: — Trousers, bib and brace overalls, breeches and shorts: — Of cotton: — Bib and brace overalls",10.3%,,,,,0.3.4,2026-10-07
61034310,6103.43.10,"Men's or boys' suits, ensembles, suit-type jackets, blazers, trousers, bib and brace overalls, breeches and shorts (other than swimwear), knitted or crocheted: — Trousers, bib and brace overalls, breeches and shorts: — Of synthetic fibers: — Trousers, breeches and shorts: — Containing 23 percent or more by weight of wool or fine animal hair",58.5¢/kg + 15.2%,,,,,0.3.4,2026-10-07
61034315,6103.43.15,"Men's or boys' suits, ensembles, suit-type jackets, blazers, trousers, bib and brace overalls, breeches and shorts (other than swimwear), knitted or crocheted: — Trousers, bib and brace overalls, breeches and shorts: — Of synthetic fibers: — Trousers, breeches and shorts: — Other",28.2%,,,,,0.3.4,2026-10-07
61034320,6103.43.20,"Men's or boys' suits, ensembles, suit-type jackets, blazers, trousers, bib and brace overalls, breeches and shorts (other than swimwear), knitted or crocheted: — Trousers, bib and brace overalls, breeches and shorts: — Of synthetic fibers: — Bib and brace overalls",14.9%,,,,,0.3.4,2026-10-07
61034910,6103.49.10,"Men's or boys' suits, ensembles, suit-type jackets, blazers, trousers, bib and brace overalls, breeches and shorts (other than swimwear), knitted or crocheted: — Trousers, bib and brace overalls, breeches and shorts: — Of other textile materials: — Of artificial fibers: — Trousers, breeches and shorts",28.2%,,,,,0.3.4,2026-10-07
61034940,6103.49.40,"Men's or boys' suits, ensembles, suit-type jackets, blazers, trousers, bib and brace overalls, breeches and shorts (other than swimwear), knitted or crocheted: — Trousers, bib and brace overalls, breeches and shorts: — Of other textile materials: — Containing 70 percent or more by weight of silk or silk waste",0.9%,,,,,0.3.4,2026-10-07
61034980,6103.49.80,"Men's or boys' suits, ensembles, suit-type jackets, blazers, trousers, bib and brace overalls, breeches and shorts (other than swimwear), knitted or crocheted: — Trousers, bib and brace overalls, breeches and shorts: — Of other textile materials: — Other",5.6%,,,,,0.3.4,2026-10-07
61091000,6109.10.00,"T-shirts, singlets and other vests, knitted, of cotton",16.5%,4A,7.5,,,0.3.4,2026-10-07
61102020,6110.20.20,"Sweatshirts, pullovers and similar articles, knitted, of cotton (hoodies)",16.5%,4A,7.5,,,0.3.4,2026-10-07
61159500,6115.95.00,"Stockings, socks and other hosiery, knitted or crocheted, of cotton",13.5%,4A,7.5,,,0.3.4,2026-10-07
61169388,6116.93.88,"Gloves, mittens and mitts, knitted, of synthetic fibers, without fourchettes",18.6%,4A,7.5,,,0.3.4,2026-10-07
62012011,6201.20.11,"Men's or boys' overcoats, carcoats, capes, cloaks, anoraks (including ski jackets), windbreakers and   similar articles (including padded, sleeveless jackets), other than those of heading 6203: — Of wool or fine animal hair: — Overcoats, carcoats, capes, cloaks and similar coats:",41¢/kg + 16.3%,,,,,0.3.4,2026-10-07
62012029,6201.20.29,"Men's or boys' overcoats, carcoats, capes, cloaks, anoraks (including ski jackets), windbreakers and   similar articles (including padded, sleeveless jackets), other than those of heading 6203: — Of wool or fine animal hair: — Anoraks (including ski-jackets), windbreakers and similar articles (including padded, sleeveless jackets): — Recreational performance outerwear: — Other",49.7¢/kg + 19.7%,,,,,0.3.4,2026-10-07
62012040,6201.20.40,"Men's or boys' overcoats, carcoats, capes, cloaks, anoraks (including ski jackets), windbreakers and   similar articles (including padded, sleeveless jackets), other than those of heading 6203: — Of wool or fine animal hair: — Anoraks (including ski-jackets), windbreakers and similar articles (including padded, sleeveless jackets): — Other: — Other",49.7¢/kg + 19.7%,,,,,0.3.4,2026-10-07
62013020,6201.30.20,"Men's or boys' overcoats, carcoats, capes, cloaks, anoraks (including ski jackets), windbreakers and   similar articles (including padded, sleeveless jackets), other than those of heading 6203: — Of cotton: — Overcoats, carcoats, capes, cloaks and similar coats: — Other",9.4%,,,,,0.3.4,2026-10-07
62013050,6201.30.50,"Men's or boys' overcoats, carcoats, capes, cloaks, anoraks (including ski jackets), windbreakers and   similar articles (including padded, sleeveless jackets), other than those of heading 6203: — Of cotton: — Anoraks (including ski-jackets), windbreakers and similar articles (including padded, sleeveless jackets): — Recreational performance outerwear: — Other: — Other",9.4%,,,,,0.3.4,2026-10-07
62013080,6201.30.80,"Men's or boys' overcoats, carcoats, capes, cloaks, anoraks (including ski jackets), windbreakers and   similar articles (including padded, sleeveless jackets), other than those of heading 6203: — Of cotton: — Anoraks (including ski-jackets), windbreakers and similar articles (including padded, sleeveless jackets): — Other: — Other: — Other",9.4%,,,,,0.3.4,2026-10-07
62014015,6201.40.15,"Men's or boys' overcoats, carcoats, capes, cloaks, anoraks (including ski jackets), windbreakers and   similar articles (including padded, sleeveless jackets), other than those of heading 6203: — Of man-made fibers: — Overcoats, carcoats, capes, cloaks and similar coats: — Other: — Containing 36 percent or more by weight of wool or fine animal hair",49.7¢/kg + 19.7%,,,,,0.3.4,2026-10-07
62014020,6201.40.20,"Men's or boys' overcoats, carcoats, capes, cloaks, anoraks (including ski jackets), windbreakers and   similar articles (including padded, sleeveless jackets), other than those of heading 6203: — Of man-made fibers: — Overcoats, carcoats, capes, cloaks and similar coats: — Other: — Other",27.7%,,,,,0.3.4,2026-10-07
62014035,6201.40.35,"Men's or boys' overcoats, carcoats, capes, cloaks, anoraks (including ski jackets), windbreakers and   similar articles (including padded, sleeveless jackets), other than those of heading 6203: — Of man-made fibers: — Anoraks (including ski-jackets), windbreakers and similar articles (including padded, sleeveless jackets): — Recreational performance outerwear: — Other: — Padded sleeveless jackets:",14.9%,,,,,0.3.4,2026-10-07
62014040,6201.40.40,"Men's or boys' overcoats, carcoats, capes, cloaks, anoraks (including ski jackets), windbreakers and   similar articles (including padded, sleeveless jackets), other than those of heading 6203: — Of man-made fibers: — Anoraks (including ski-jackets), windbreakers and similar articles (including padded, sleeveless jackets): — Recreational performance outerwear: — Other: — Other: — Containing 36 percent or more by weight of wool or fine animal hair",49.5¢/kg + 19.6%,,,,,0.3.4,2026-10-07
62014050,6201.40.50,"Men's or boys' overcoats, carcoats, capes, cloaks, anoraks (including ski jackets), windbreakers and   similar articles (including padded, sleeveless jackets), other than those of heading 6203: — Of man-made fibers: — Anoraks (including ski-jackets), windbreakers and similar articles (including padded, sleeveless jackets): — Recreational performance outerwear: — Other: — Other: — Other: — Other",27.7%,,,,,0.3.4,2026-10-07
62014060,6201.40.60,"Men's or boys' overcoats, carcoats, capes, cloaks, anoraks (including ski jackets), windbreakers and   similar articles (including padded, sleeveless jackets), other than those of heading 6203: — Of man-made fibers: — Anoraks (including ski-jackets), windbreakers and similar articles (including padded, sleeveless jackets): — Other: — Other: — Padded, sleeveless jackets",14.9%,,,,,0.3.4,2026-10-07
62014065,6201.40.65,"Men's or boys' overcoats, carcoats, capes, cloaks, anoraks (including ski jackets), windbreakers and   similar articles (including padded, sleeveless jackets), other than those of heading 6203: — Of man-made fibers: — Anoraks (including ski-jackets), windbreakers and similar articles (including padded, sleeveless jackets): — Other: — Other: — Other: — Containing 36 percent or more by weight of wool or fine animal hair",49.5¢/kg + 19.6%,,,,,0.3.4,2026-10-07
62014075,6201.40.75,"Men's or boys' overcoats, carcoats, capes, cloaks, anoraks (including ski jackets), windbreakers and   similar articles (including padded, sleeveless jackets), other than those of heading 6203: — Of man-made fibers: — Anoraks (including ski-jackets), windbreakers and similar articles (including padded, sleeveless jackets): — Other: — Other: — Other: — Other: — Other",27.7%,,,,,0.3.4,2026-10-07
63012000,6301.20.00,"Blankets and traveling rugs: — Blankets (other than electric blankets) and traveling rugs, of wool or fine animal hair",Free,,,,,0.3.4,2026-10-07
63013000,6301.30.00,"Blankets and traveling rugs: — Blankets (other than electric blankets) and traveling rugs, of cotton",8.4%,,,,,0.3.4,2026-10-07
63014000,6301.40.00,"Blankets and traveling rugs: — Blankets (other than electric blankets) and traveling rugs, of synthetic fibers",8.5%,,,,,0.3.4,2026-10-07
63019000,6301.90.00,Blankets and traveling rugs: — Other blankets and traveling rugs,7.2%,,,,,0.3.4,2026-10-07
63021000,6302.10.00,"Bed linen, table linen, toilet linen and kitchen linen: — Bed linen, knitted or crocheted",6%,,,,,0.3.4,2026-10-07
63022130,6302.21.30,"Bed linen, table linen, toilet linen and kitchen linen: — Other bed linen, printed: — Of cotton: — Containing any embroidery, lace, braid, edging, trimming, piping or applique work: — Napped",11.9%,,,,,0.3.4,2026-10-07
63022150,6302.21.50,"Bed linen, table linen, toilet linen and kitchen linen: — Other bed linen, printed: — Of cotton: — Containing any embroidery, lace, braid, edging, trimming, piping or applique work: — Not napped",20.9%,,,,,0.3.4,2026-10-07
63022170,6302.21.70,"Bed linen, table linen, toilet linen and kitchen linen: — Other bed linen, printed: — Of cotton: — Other: — Napped",2.5%,,,,,0.3.4,2026-10-07
63022190,6302.21.90,"Bed linen, table linen, toilet linen and kitchen linen: — Other bed linen, printed: — Of cotton: — Other: — Not napped",6.7%,,,,,0.3.4,2026-10-07
63022210,6302.22.10,"Bed linen, table linen, toilet linen and kitchen linen: — Other bed linen, printed: — Of man-made fibers: — Containing any embroidery, lace, braid, edging, trimming, piping or applique work",14.9%,,,,,0.3.4,2026-10-07
63022220,6302.22.20,"Bed linen, table linen, toilet linen and kitchen linen: — Other bed linen, printed: — Of man-made fibers: — Other",11.4%,,,,,0.3.4,2026-10-07
63022900,6302.29.00,"Bed linen, table linen, toilet linen and kitchen linen: — Other bed linen, printed: — Of other textile materials",4.5%,,,,,0.3.4,2026-10-07
63023130,6302.31.30,"Bed linen, table linen, toilet linen and kitchen linen: — Other bed linen: — Of cotton: — Containing any embroidery, lace, braid, edging, trimming, piping or applique work: — Napped",11.9%,,,,,0.3.4,2026-10-07
63023150,6302.31.50,"Bed linen, table linen, toilet linen and kitchen linen: — Other bed linen: — Of cotton: — Containing any embroidery, lace, braid, edging, trimming, piping or applique work: — Not napped",20.9%,,,,,0.3.4,2026-10-07
64019290,6401.92.90,"Waterproof footwear with outer soles and uppers of rubber or plastics, the uppers of which are neither fixed to the sole nor assembled by stitching, riveting, nailing, screwing, plugging or similar processes: — Other footwear: — Covering the ankle but not covering the knee: — Other: — Other",37.5%,,,,,0.3.4,2026-10-07
64021905,6402.19.05,"Other footwear with outer soles and uppers of rubber or plastics: — Sports footwear: — Other: — Having uppers of which over 90 percent of the external surface area (including any accessories or reinforcements such as those mentioned in note 4(a) to this chapter) is rubber or plastics (except footwear having foxing or a foxing-like band applied or molded at the sole and overlapping the upper and except footwear designed to be worn over, or in lieu of, other footwear as a protection against water, oil, grease or chemicals or cold or inclement weather): — Golf shoes",6%,,,,,0.3.4,2026-10-07
64021915,6402.19.15,"Other footwear with outer soles and uppers of rubber or plastics: — Sports footwear: — Other: — Having uppers of which over 90 percent of the external surface area (including any accessories or reinforcements such as those mentioned in note 4(a) to this chapter) is rubber or plastics (except footwear having foxing or a foxing-like band applied or molded at the sole and overlapping the upper and except footwear designed to be worn over, or in lieu of, other footwear as a protection against water, oil, grease or chemicals or cold or inclement weather): — Other",5.1%,,,,,0.3.4,2026-10-07
64021930,6402.19.30,Other footwear with outer soles and uppers of rubber or plastics: — Sports footwear: — Other: — Other: — Valued not over $3/pair,Free,,,,,0.3.4,2026-10-07
64021950,6402.19.50,Other footwear with outer soles and uppers of rubber or plastics: — Sports footwear: — Other: — Other: — Valued over $3 but not over $6.50/pair,76¢/pr. + 32%,,,,,0.3.4,2026-10-07
64021970,6402.19.70,Other footwear with outer soles and uppers of rubber or plastics: — Sports footwear: — Other: — Other: — Valued over $6.50 but not over $12/pair,76¢/pr. + 17%,,,,,0.3.4,2026-10-07
64021990,6402.19.90,Other footwear with outer soles and uppers of rubber or plastics: — Sports footwear: — Other: — Other: — Valued over $12/pair,9%,,,,,0.3.4,2026-10-07
64029140,6402.91.40,"Other footwear with outer soles and uppers of rubber or plastics: — Other footwear: — Covering the ankle: — Other: — Having uppers of which over 90 percent of the external surface area (including any accessories or reinforcements such as those mentioned in note 4(a) to this chapter) is rubber or plastics except (1) footwear having a foxing or a foxing-like band applied or molded at the sole and overlapping the upper and (2) except footwear (other than footwear having uppers which from a point 3 cm above the top of the outer sole are entirely of non- molded construction formed by sewing the parts together and having exposed on the outer surface a substantial portion of functional stitching) designed to be worn over, or in lieu of, other footwear as a protection against water, oil, grease or chemicals or cold or inclement weather",6%,,,,,0.3.4,2026-10-07
64029142,6402.91.42,"Other footwear with outer soles and uppers of rubber or plastics: — Other footwear: — Covering the ankle: — Other: — Protective active footwear (except footwear with waterproof molded bottoms, including bottoms comprising an outer sole and all or part of the upper and except footwear with insulation that provides protection against cold weather) whose height from the bottom of the outer sole to the top of the upper does not exceed 15.34 cm",20%,,,,,0.3.4,2026-10-07
64029150,6402.91.50,"Other footwear with outer soles and uppers of rubber or plastics: — Other footwear: — Covering the ankle: — Other: — Other: — Footwear designed to be worn over, or in lieu of, other footwear as a protection against water, oil, grease or chemicals or cold or inclement weather",37.5%,,,,,0.3.4,2026-10-07
64029160,6402.91.60,Other footwear with outer soles and uppers of rubber or plastics: — Other footwear: — Covering the ankle: — Other: — Other: — Other: — Valued not over $3/pair,48%,,,,,0.3.4,2026-10-07
64029170,6402.91.70,Other footwear with outer soles and uppers of rubber or plastics: — Other footwear: — Covering the ankle: — Other: — Other: — Other: — Valued over $3 but not over $6.50/pair,90¢/pr. + 37.5%,,,,,0.3.4,2026-10-07
64029180,6402.91.80,Other footwear with outer soles and uppers of rubber or plastics: — Other footwear: — Covering the ankle: — Other: — Other: — Other: — Valued over $6.50 but not over $12/pair,90¢/pr. + 20%,,,,,0.3.4,2026-10-07
64029190,6402.91.90,Other footwear with outer soles and uppers of rubber or plastics: — Other footwear: — Covering the ankle: — Other: — Other: — Other: — Valued over $12/pair,20%,,,,,0.3.4,2026-10-07
64039960,6403.99.60,"Footwear, uppers of leather, other",8.5%,,,,,0.3.4,2026-10-07
65020060,6502.00.60,"Hat shapes, plaited or made by assembling strips of any material, neither blocked to shape, nor with made brims, not lined, nor trimmed: — Of vegetable fibers, of unspun fibrous vegetable materials, of paper yarn or of any combination thereof: — Not sewed: — Bleached or colored",Free,,,,,0.3.4,2026-10-07
65020090,6502.00.90,"Hat shapes, plaited or made by assembling strips of any material, neither blocked to shape, nor with made brims, not lined, nor trimmed: — Other",6.8%,,,,,0.3.4,2026-10-07
65040090,6504.00.90,"Hats and other headgear, plaited or made by assembling strips of any material, whether or not lined or trimmed: — Other",6.8%,,,,,0.3.4,2026-10-07
65050004,6505.00.04,"Hats and other headgear, knitted or crocheted, or made up from lace, felt or other textile fabric, in the piece (but not in strips), whether or not lined or trimmed; hair-nets of any material, whether or not lined or trimmed: — Other: — Felt hats and other felt headgear, made from the hat bodies, hoods or plateaux of heading 6501, whether or not lined or trimmed: — Of fur felt",Free,,,,,0.3.4,2026-10-07
65050015,6505.00.15,"Hats and other headgear, knitted or crocheted, or made up from lace, felt or other textile fabric, in the piece (but not in strips), whether or not lined or trimmed; hair-nets of any material, whether or not lined or trimmed: — Other: — Other: — Of cotton, flax or both: — Knitted",7.9%,,,,,0.3.4,2026-10-07
65050020,6505.00.20,"Hats and other headgear, knitted or crocheted, or made up from lace, felt or other textile fabric, in the piece (but not in strips), whether or not lined or trimmed; hair-nets of any material, whether or not lined or trimmed: — Other: — Other: — Of cotton, flax or both: — Not knitted: — Certified hand-loomed and folklore products; and headwear of cotton",7.5%,,,,,0.3.4,2026-10-07
65050025,6505.00.25,"Hats and other headgear, knitted or crocheted, or made up from lace, felt or other textile fabric, in the piece (but not in strips), whether or not lined or trimmed; hair-nets of any material, whether or not lined or trimmed: — Other: — Other: — Of cotton, flax or both: — Not knitted: — Other",7.5%,,,,,0.3.4,2026-10-07
65050030,6505.00.30,"Hats and other headgear, knitted or crocheted, or made up from lace, felt or other textile fabric, in the piece (but not in strips), whether or not lined or trimmed; hair-nets of any material, whether or not lined or trimmed: — Other: — Other: — Of wool: — Knitted or crocheted or made up from knitted or crocheted fabric",25.4¢/kg + 7.7%,,,,,0.3.4,2026-10-07
65050040,6505.00.40,"Hats and other headgear, knitted or crocheted, or made up from lace, felt or other textile fabric, in the piece (but not in strips), whether or not lined or trimmed; hair-nets of any material, whether or not lined or trimmed: — Other: — Other: — Of wool: — Other",31¢/kg + 7.9%,,,,,0.3.4,2026-10-07
65050050,6505.00.50,"Hats and other headgear, knitted or crocheted, or made up from lace, felt or other textile fabric, in the piece (but not in strips), whether or not lined or trimmed; hair-nets of any material, whether or not lined or trimmed: — Other: — Other: — Of man-made fibers: — Knitted or crocheted or made up from knitted or crocheted fabric: — Wholly or in part of braid",6.8%,,,,,0.3.4,2026-10-07
65050060,6505.00.60,"Hats and other headgear, knitted or crocheted, or made up from lace, felt or other textile fabric, in the piece (but not in strips), whether or not lined or trimmed; hair-nets of any material, whether or not lined or trimmed: — Other: — Other: — Of man-made fibers: — Knitted or crocheted or made up from knitted or crocheted fabric: — Not in part of braid",20¢/kg + 7%,,,,,0.3.4,2026-10-07
65050070,6505.00.70,"Hats and other headgear, knitted or crocheted, or made up from lace, felt or other textile fabric, in the piece (but not in strips), whether or not lined or trimmed; hair-nets of any material, whether or not lined or trimmed: — Other: — Other: — Of man-made fibers: — Other: — Wholly or in part of braid",6.8%,,,,,0.3.4,2026-10-07
65050080,6505.00.80,"Hats and other headgear, knitted or made up from man-made fiber textile fabric, not in part of braid",18.7¢/kg + 6.8%,3,25,,,0.3.4,2026-10-07
65050090,6505.00.90,"Hats and other headgear, knitted or crocheted, or made up from lace, felt or other textile fabric, in the piece (but not in strips), whether or not lined or trimmed; hair-nets of any material, whether or not lined or trimmed: — Other: — Other: — Other",20.7¢/kg + 7.5%,,,,,0.3.4,2026-10-07
69022010,6902.20.10,"Refractory bricks, blocks, tiles and similar refractory ceramic constructional goods, other than those of siliceous fossil meals or similar siliceous earths: — Containing by weight more than 50 percent of alumina (Al2O3), of silica (SiO2) or of a mixture or compound of these products: — Bricks",Free,,,,,0.3.4,2026-10-07
69022050,6902.20.50,"Refractory bricks, blocks, tiles and similar refractory ceramic constructional goods, other than those of siliceous fossil meals or similar siliceous earths: — Containing by weight more than 50 percent of alumina (Al2O3), of silica (SiO2) or of a mixture or compound of these products: — Other",Free,,,,,0.3.4,2026-10-07
69029010,6902.90.10,"Refractory bricks, blocks, tiles and similar refractory ceramic constructional goods, other than those of siliceous fossil meals or similar siliceous earths: — Other: — Bricks",Free,,,,,0.3.4,2026-10-07
69029050,6902.90.50,"Refractory bricks, blocks, tiles and similar refractory ceramic constructional goods, other than those of siliceous fossil meals or similar siliceous earths: — Other: — Other",Free,,,,,0.3.4,2026-10-07
69039000,6903.90.00,"Other refractory ceramic goods (for example, retorts, crucibles, muffles, nozzles, plugs, supports, cupels, tubes, pipes, sheaths, rods and slide gates), other than those of siliceous fossil meals or of similar siliceous earths: — Other",Free,,,,,0.3.4,2026-10-07
69041000,6904.10.00,"Ceramic building bricks, flooring blocks, support or filler tiles and the like: — Building bricks",Free,,,,,0.3.4,2026-10-07
69059000,6905.90.00,"Roofing tiles, chimney pots, cowls, chimney liners, architectural ornaments and other ceramic constructional goods: — Other",3.2%,,,,,0.3.4,2026-10-07
69072110,6907.21.10,"Ceramic flags and paving, hearth or wall tiles; ceramic mosaic cubes and the like, whether or not on a backing; finishing ceramics: — Flags and paving, hearth or wall tiles, other than those of subheading 6907.30 and 6907.40: — Of a water absorption coefficient by weight not exceeding 0.5%: — Unglazed",10%,,,,,0.3.4,2026-10-07
69072190,6907.21.90,"Ceramic flags and paving, hearth or wall tiles; ceramic mosaic cubes and the like, whether or not on a backing; finishing ceramics: — Flags and paving, hearth or wall tiles, other than those of subheading 6907.30 and 6907.40: — Of a water absorption coefficient by weight not exceeding 0.5%: — Glazed: — Other",8.5%,,,,,0.3.4,2026-10-07
69072210,6907.22.10,"Ceramic flags and paving, hearth or wall tiles; ceramic mosaic cubes and the like, whether or not on a backing; finishing ceramics: — Flags and paving, hearth or wall tiles, other than those of subheading 6907.30 and 6907.40: — Of water absorption coefficient by weight exceeding 0.5 percent but not exceeding 10 percent: — Unglazed",10%,,,,,0.3.4,2026-10-07
69072290,6907.22.90,"Ceramic flags and paving, hearth or wall tiles; ceramic mosaic cubes and the like, whether or not on a backing; finishing ceramics: — Flags and paving, hearth or wall tiles, other than those of subheading 6907.30 and 6907.40: — Of water absorption coefficient by weight exceeding 0.5 percent but not exceeding 10 percent: — Glazed: — Other",8.5%,,,,,0.3.4,2026-10-07
69072310,6907.23.10,"Ceramic flags and paving, hearth or wall tiles; ceramic mosaic cubes and the like, whether or not on a backing; finishing ceramics: — Flags and paving, hearth or wall tiles, other than those of subheading 6907.30 and 6907.40: — Of a water absorption coefficient by weight exceeding 10 percent: — Unglazed",10%,,,,,0.3.4,2026-10-07
69072390,6907.23.90,"Ceramic flags and paving, hearth or wall tiles; ceramic mosaic cubes and the like, whether or not on a backing; finishing ceramics: — Flags and paving, hearth or wall tiles, other than those of subheading 6907.30 and 6907.40: — Of a water absorption coefficient by weight exceeding 10 percent: — Glazed: — Other",8.5%,,,,,0.3.4,2026-10-07
69073010,6907.30.10,"Ceramic flags and paving, hearth or wall tiles; ceramic mosaic cubes and the like, whether or not on a backing; finishing ceramics: — Mosaic cubes and the like, other than those of subheading 6907.40: — Unglazed",10%,,,,,0.3.4,2026-10-07
70023900,7002.39.00,"Glass in balls (other than microspheres of heading 7018), rods or tubes, unworked: — Tubes: — Other",6%,,,,,0.3.4,2026-10-07
70042020,7004.20.20,"Drawn glass and blown glass, in sheets, whether or not having an absorbent, reflecting or non-reflecting layer, but not otherwise worked: — Glass, colored throughout the mass (body tinted), opacified, flashed or having an absorbent, reflecting or non-reflecting layer: — Other: — In rectangular shape",1¢/kg + 1.6%,,,,,0.3.4,2026-10-07
70049025,7004.90.25,"Drawn glass and blown glass, in sheets, whether or not having an absorbent, reflecting or non-reflecting layer, but not otherwise worked: — Other glass: — In rectangular shape: — Measuring over 2 but not over 3.5 mm in thickness",0.7¢/kg,,,,,0.3.4,2026-10-07
70049030,7004.90.30,"Drawn glass and blown glass, in sheets, whether or not having an absorbent, reflecting or non-reflecting layer, but not otherwise worked: — Other glass: — In rectangular shape: — Measuring over 3.5 mm in thickness: — Measuring not over 0.65 m2 in area",Free,,,,,0.3.4,2026-10-07
70052110,7005.21.10,"Float glass and surface ground or polished glass, in sheets, whether or not having an absorbent, reflecting or non-reflecting layer, but not otherwise worked: — Other nonwired glass: — Colored throughout the mass (body tinted), opacified, flashed or merely surface ground: — Measuring less than 10 mm in thickness",14.5¢/m2 + 0.4%,,,,,0.3.4,2026-10-07
70052904,7005.29.04,"Float glass and surface ground or polished glass, in sheets, whether or not having an absorbent, reflecting or non-reflecting layer, but not otherwise worked: — Other nonwired glass: — Other: — Measuring less than 10 mm in thickness: — Measuring not over 0.65 m in area: — Suitable for use in liquid crystal displays",Free,,,,,0.3.4,2026-10-07
70052908,7005.29.08,"Float glass and surface ground or polished glass, in sheets, whether or not having an absorbent, reflecting or non-reflecting layer, but not otherwise worked: — Other nonwired glass: — Other: — Measuring less than 10 mm in thickness: — Measuring not over 0.65 m in area: — Other",18.7¢/m2,,,,,0.3.4,2026-10-07
70052914,7005.29.14,"Float glass and surface ground or polished glass, in sheets, whether or not having an absorbent, reflecting or non-reflecting layer, but not otherwise worked: — Other nonwired glass: — Other: — Measuring less than 10 mm in thickness: — Measuring over 0.65 m2 in area: — Suitable for use in liquid crystal displays, measuring not over 0.8 m2 in area",Free,,,,,0.3.4,2026-10-07
70052918,7005.29.18,"Float glass and surface ground or polished glass, in sheets, whether or not having an absorbent, reflecting or non-reflecting layer, but not otherwise worked: — Other nonwired glass: — Other: — Measuring less than 10 mm in thickness: — Measuring over 0.65 m2 in area: — Other",14.5¢/m2,,,,,0.3.4,2026-10-07
70060040,7006.00.40,"Glass of heading 7003, 7004 or 7005, bent, edge-worked, engraved, drilled, enameled or otherwise worked, but not framed or fitted with other materials: — Other: — Other",4.9%,,,,,0.3.4,2026-10-07
70071100,7007.11.00,"Safety glass, consisting of toughened (tempered) or laminated glass: — Toughened (tempered) safety glass: — Of size and shape suitable for incorporation in vehicles, aircraft, spacecraft or vessels",5.5%,,,,,0.3.4,2026-10-07
70072111,7007.21.11,"Safety glass, consisting of toughened (tempered) or laminated glass: — Laminated safety glass: — Of size and shape suitable for incorporation in vehicles, aircraft, spacecraft or vessels: — Windshields",4.9%,,,,,0.3.4,2026-10-07
70099110,7009.91.10,"Glass mirrors, whether or not framed, including rear-view mirrors: — Other: — Unframed: — Not over 929 cm2 in reflecting area",7.8%,,,,,0.3.4,2026-10-07
70099150,7009.91.50,"Glass mirrors, whether or not framed, including rear-view mirrors: — Other: — Unframed: — Over 929 cm2 in reflecting area",6.5%,,,,,0.3.4,2026-10-07
71022110,7102.21.10,"Diamonds, whether or not worked, but not mounted or set: — Industrial: — Unworked or simply sawn, cleaved or bruted: — Miners' diamonds",Free,,,,,0.3.4,2026-10-07
71022900,7102.29.00,"Diamonds, whether or not worked, but not mounted or set: — Industrial: — Other",Free,,,,,0.3.4,2026-10-07
71023900,7102.39.00,"Diamonds, whether or not worked, but not mounted or set: — Nonindustrial: — Other",Free,,,,,0.3.4,2026-10-07
71039100,7103.91.00,"Precious stones (other than diamonds) and semiprecious stones, whether or not worked or graded but not strung, mounted or set; ungraded precious stones (other than diamonds) and semiprecious stones, temporarily strung for convenience of transport: — Otherwise worked: — Rubies, sapphires and emeralds",Free,,,,,0.3.4,2026-10-07
71051000,7105.10.00,Dust and powder of natural or synthetic precious or semi- precious stones: — Of diamonds,Free,,,,,0.3.4,2026-10-07
71069110,7106.91.10,"Silver (including silver plated with gold or platinum), unwrought or in semimanufactured forms, or in powder form: — Other: — Unwrought: — Bullion and dore",Free,,,,,0.3.4,2026-10-07
71081210,7108.12.10,"Gold (including gold plated with platinum) unwrought or in semi-manufactured forms, or in powder form: — Nonmonetary: — Other unwrought forms: — Bullion and dore",Free,,,,,0.3.4,2026-10-07
71081250,7108.12.50,"Gold (including gold plated with platinum) unwrought or in semi-manufactured forms, or in powder form: — Nonmonetary: — Other unwrought forms: — Other",4.1%,,,,,0.3.4,2026-10-07
71101100,7110.11.00,"Platinum, unwrought or in semimanufactured forms, or in powder form: — Platinum: — Unwrought or in powder form",Free,,,,,0.3.4,2026-10-07
71104100,7110.41.00,"Platinum, unwrought or in semimanufactured forms, or in powder form: — Iridium, osmium and ruthenium: — Unwrought or in powder form",Free,,,,,0.3.4,2026-10-07
71104900,7110.49.00,"Platinum, unwrought or in semimanufactured forms, or in powder form: — Iridium, osmium and ruthenium: — Other",Free,,,,,0.3.4,2026-10-07
71131929,7113.19.29,"Articles of jewelry and parts thereof, of precious metal or of metal clad with precious metal: — Of precious metal whether or not plated or clad with precious metal: — Of other precious metal, whether or not plated or clad with precious metal: — Other: — Necklaces and neck chains, of gold: — Other",5.5%,,,,,0.3.4,2026-10-07
71131950,7113.19.50,"Articles of jewelry and parts thereof, of precious metal or of metal clad with precious metal: — Of precious metal whether or not plated or clad with precious metal: — Of other precious metal, whether or not plated or clad with precious metal: — Other: — Other",5.5%,,,,,0.3.4,2026-10-07
71142000,7114.20.00,"Articles of goldsmiths' or silversmiths' wares and parts thereof, of precious metal or of metal clad with precious metal: — Of base metal clad with precious metal",3%,,,,,0.3.4,2026-10-07
71171900,7117.19.00,"Imitation jewelry, of base metal, whether or not plated with precious metal",11%,4A,7.5,,,0.3.4,2026-10-07
72022900,7202.29.00,Ferroalloys: — Ferrosilicon: — Other,Free,,,,,0.3.4,2026-10-07
72023000,7202.30.00,Ferroalloys: — Ferrosilicon manganese,3.9%,,,,,0.3.4,2026-10-07
72024950,7202.49.50,Ferroalloys: — Ferrochromium: — Other: — Other,3.1%,,,,,0.3.4,2026-10-07
72029980,7202.99.80,Ferroalloys: — Other: — Other: — Other,5%,,,,,0.3.4,2026-10-07
72044100,7204.41.00,"Ferrous waste and scrap; remelting scrap ingots of iron or steel: — Other waste and scrap: — Turnings, shavings, chips, milling waste, sawdust, filings, trimmings and stampings, whether or not in bundles",Free,,,,,0.3.4,2026-10-07
72044900,7204.49.00,Ferrous waste and scrap; remelting scrap ingots of iron or steel: — Other waste and scrap: — Other,Free,,,,,0.3.4,2026-10-07
72071200,7207.12.00,"Semifinished products of iron or nonalloy steel: — Containing by weight less than 0.25 percent of carbon: — Other, of rectangular (other than square) cross section",Free,,,,,0.3.4,2026-10-07
72071900,7207.19.00,Semifinished products of iron or nonalloy steel: — Containing by weight less than 0.25 percent of carbon: — Other,Free,,,,,0.3.4,2026-10-07
72072000,7207.20.00,Semifinished products of iron or nonalloy steel: — Containing by weight 0.25 percent or more of carbon,Free,,,,,0.3.4,2026-10-07
72082600,7208.26.00,"Flat-rolled products of iron or nonalloy steel, of a width of 600 mm or more, hot-rolled, not clad, plated or coated: — Other, in coils, not further worked than hot-rolled, pickled: — Of a thickness of 3 mm or more but less than 4.75 mm",Free,,,,,0.3.4,2026-10-07
72082700,7208.27.00,"Flat-rolled products of iron or nonalloy steel, of a width of 600 mm or more, hot-rolled, not clad, plated or coated: — Other, in coils, not further worked than hot-rolled, pickled: — Of a thickness of less than 3 mm",Free,,,,,0.3.4,2026-10-07
72083600,7208.36.00,"Flat-rolled products of iron or nonalloy steel, of a width of 600 mm or more, hot-rolled, not clad, plated or coated: — Other, in coils, not further worked than hot-rolled: — Of a thickness exceeding 10 mm",Free,,,,,0.3.4,2026-10-07
72083700,7208.37.00,"Flat-rolled products of iron or nonalloy steel, of a width of 600 mm or more, hot-rolled, not clad, plated or coated: — Other, in coils, not further worked than hot-rolled: — Of a thickness of 4.75 mm or more but not exceeding 10 mm",Free,,,,,0.3.4,2026-10-07
72083800,7208.38.00,"Flat-rolled products of iron or nonalloy steel, of a width of 600 mm or more, hot-rolled, not clad, plated or coated: — Other, in coils, not further worked than hot-rolled: — Of a thickness of 3 mm or more but less than 4.75 mm",Free,,,,,0.3.4,2026-10-07
73021010,7302.10.10,"Railway or tramway track construction material of iron or steel, the following: rails, check-rails and rack rails, switch blades, crossing frogs, point rods and other crossing pieces, sleepers (cross-ties), fish-plates, chairs, chair wedges, sole plates (base plates), rail clips, bedplates, ties and other material specialized for jointing or fixing rails: — Rails: — Of iron or nonalloy steel",Free,,,Section 232 steel articles (50%),50,0.3.4,2026-10-07
73021050,7302.10.50,"Railway or tramway track construction material of iron or steel, the following: rails, check-rails and rack rails, switch blades, crossing frogs, point rods and other crossing pieces, sleepers (cross-ties), fish-plates, chairs, chair wedges, sole plates (base plates), rail clips, bedplates, ties and other material specialized for jointing or fixing rails: — Rails: — Of alloy steel",Free,,,Section 232 steel articles (50%),50,0.3.4,2026-10-07
73030000,7303.00.00,"Tubes, pipes and hollow profiles, of cast iron",Free,,,Section 232 steel articles (50%),50,0.3.4,2026-10-07
73041100,7304.11.00,"Tubes, pipes and hollow profiles, seamless, of iron (other than cast iron) or steel: — Line pipe of a kind used for oil or gas pipelines: — Of stainless steel",Free,,,Section 232 steel articles (50%),50,0.3.4,2026-10-07
73041910,7304.19.10,"Tubes, pipes and hollow profiles, seamless, of iron (other than cast iron) or steel: — Line pipe of a kind used for oil or gas pipelines: — Other: — Of iron or nonalloy steel",Free,,,Section 232 steel articles (50%),50,0.3.4,2026-10-07
73041950,7304.19.50,"Tubes, pipes and hollow profiles, seamless, of iron (other than cast iron) or steel: — Line pipe of a kind used for oil or gas pipelines: — Other: — Of other alloy steel",Free,,,Section 232 steel articles (50%),50,0.3.4,2026-10-07
73042200,7304.22.00,"Tubes, pipes and hollow profiles, seamless, of iron (other than cast iron) or steel: — Casing, tubing and drill pipe, of a kind used in drilling for oil or gas: — Drill pipe of stainless steel",Free,,,Section 232 steel articles (50%),50,0.3.4,2026-10-07
73042360,7304.23.60,"Tubes, pipes and hollow profiles, seamless, of iron (other than cast iron) or steel: — Casing, tubing and drill pipe, of a kind used in drilling for oil or gas: — Other drill pipe: — Of alloy steel",Free,,,Section 232 steel articles (50%),50,0.3.4,2026-10-07
73042430,7304.24.30,"Tubes, pipes and hollow profiles, seamless, of iron (other than cast iron) or steel: — Casing, tubing and drill pipe, of a kind used in drilling for oil or gas: — Other, of stainless steel: — Casing: — Threaded or coupled",Free,,,Section 232 steel articles (50%),50,0.3.4,2026-10-07
73042440,7304.24.40,"Tubes, pipes and hollow profiles, seamless, of iron (other than cast iron) or steel: — Casing, tubing and drill pipe, of a kind used in drilling for oil or gas: — Other, of stainless steel: — Casing: — Other",Free,,,Section 232 steel articles (50%),50,0.3.4,2026-10-07
73042460,7304.24.60,"Tubes, pipes and hollow profiles, seamless, of iron (other than cast iron) or steel: — Casing, tubing and drill pipe, of a kind used in drilling for oil or gas: — Other, of stainless steel: — Tubing",Free,,,Section 232 steel articles (50%),50,0.3.4,2026-10-07
73042910,7304.29.10,"Tubes, pipes and hollow profiles, seamless, of iron (other than cast iron) or steel: — Casing, tubing and drill pipe, of a kind used in drilling for oil or gas: — Other: — Casing: — Of iron or nonalloy steel: — Threaded or coupled",Free,,,Section 232 steel articles (50%),50,0.3.4,2026-10-07
73042920,7304.29.20,"Tubes, pipes and hollow profiles, seamless, of iron (other than cast iron) or steel: — Casing, tubing and drill pipe, of a kind used in drilling for oil or gas: — Other: — Casing: — Of iron or nonalloy steel: — Other",Free,,,Section 232 steel articles (50%),50,0.3.4,2026-10-07
73042931,7304.29.31,"Tubes, pipes and hollow profiles, seamless, of iron (other than cast iron) or steel: — Casing, tubing and drill pipe, of a kind used in drilling for oil or gas: — Other: — Casing: — Of other alloy steel: — Threaded or coupled",Free,,,Section 232 steel articles (50%),50,0.3.4,2026-10-07
73181500,7318.15.00,"Threaded screws and bolts, of iron or steel",9% + 0.5¢/kg,3,25,Section 232 steel articles (50%),50,0.3.4,2026-10-07
76011060,7601.10.60,"Unwrought aluminum: — Aluminum, not alloyed: — Other",Free,,,Section 232 aluminium articles (50%),50,0.3.4,2026-10-07
76012090,7601.20.90,Unwrought aluminum: — Aluminum alloys: — Other: — Other,Free,,,Section 232 aluminium articles (50%),50,0.3.4,2026-10-07
76020000,7602.00.00,Aluminum waste and scrap,Free,,,Section 232 aluminium articles (50%),50,0.3.4,2026-10-07
76042100,7604.21.00,"Aluminum bars, rods and profiles: — Of aluminum alloys: — Hollow profiles",1.5%,,,Section 232 aluminium articles (50%),50,0.3.4,2026-10-07
76042910,7604.29.10,"Aluminum bars, rods and profiles: — Of aluminum alloys: — Other: — Other profiles",5%,,,Section 232 aluminium articles (50%),50,0.3.4,2026-10-07
76042930,7604.29.30,"Aluminum bars, rods and profiles: — Of aluminum alloys: — Other: — Bars and rods: — Having a round cross section",2.6%,,,Section 232 aluminium articles (50%),50,0.3.4,2026-10-07
76042950,7604.29.50,"Aluminum bars, rods and profiles: — Of aluminum alloys: — Other: — Bars and rods: — Other",3%,,,Section 232 aluminium articles (50%),50,0.3.4,2026-10-07
76061130,7606.11.30,"Aluminum plates, sheets and strip, of a thickness exceeding 0.2 mm: — Rectangular (including square): — Of aluminum, not alloyed: — Not clad",3%,,,Section 232 aluminium articles (50%),50,0.3.4,2026-10-07
76061230,7606.12.30,"Aluminum plates, sheets and strip, of a thickness exceeding 0.2 mm: — Rectangular (including square): — Of aluminum alloys: — Not clad",3%,,,Section 232 aluminium articles (50%),50,0.3.4,2026-10-07
76069130,7606.91.30,"Aluminum plates, sheets and strip, of a thickness exceeding 0.2 mm: — Other: — Of aluminum, not alloyed: — Not clad",3%,,,Section 232 aluminium articles (50%),50,0.3.4,2026-10-07
76069160,7606.91.60,"Aluminum plates, sheets and strip, of a thickness exceeding 0.2 mm: — Other: — Of aluminum, not alloyed: — Clad",2.7%,,,Section 232 aluminium articles (50%),50,0.3.4,2026-10-07
76069230,7606.92.30,"Aluminum plates, sheets and strip, of a thickness exceeding 0.2 mm: — Other: — Of aluminum alloys: — Not clad",3%,,,Section 232 aluminium articles (50%),50,0.3.4,2026-10-07
76069260,7606.92.60,"Aluminum plates, sheets and strip, of a thickness exceeding 0.2 mm: — Other: — Of aluminum alloys: — Clad",6.5%,,,Section 232 aluminium articles (50%),50,0.3.4,2026-10-07
76071160,7607.11.60,"Aluminum foil (whether or not printed, or backed with paper, paperboard, plastics or similar backing materials) of a thickness (excluding any backing) not exceeding 0.2 mm: — Not backed: — Rolled but not further worked: — Of a thickness not exceeding 0.15 mm: — Of a thickness exceeding 0.01 mm",5.3%,,,Section 232 aluminium articles (50%),50,0.3.4,2026-10-07
82013000,8201.30.00,"Handtools of the following kinds and base metal parts thereof: spades, shovels, mattocks, picks, hoes, forks and rakes; axes, bill hooks and similar hewing tools; secateurs and pruners of any kind; scythes, sickles, hay knives, hedge shears, timber wedges and other tools of a kind used in agriculture, horticulture or forestry: — Mattocks, picks, hoes and rakes, and parts thereof",Free,,,,,0.3.4,2026-10-07
82014060,8201.40.60,"Handtools of the following kinds and base metal parts thereof: spades, shovels, mattocks, picks, hoes, forks and rakes; axes, bill hooks and similar hewing tools; secateurs and pruners of any kind; scythes, sickles, hay knives, hedge shears, timber wedges and other tools of a kind used in agriculture, horticulture or forestry: — Axes, bill hooks and similar hewing tools, and parts thereof: — Other",6.2%,,,,,0.3.4,2026-10-07
82022000,8202.20.00,"Handsaws, and metal parts thereof; blades for saws of all kinds (including slitting, slotting or toothless saw blades), and base metal parts thereof: — Bandsaw blades, and parts thereof",Free,,,,,0.3.4,2026-10-07
82023900,8202.39.00,"Handsaws, and metal parts thereof; blades for saws of all kinds (including slitting, slotting or toothless saw blades), and base metal parts thereof: — Circular saw blades (including slitting or slotting saw blades), and parts thereof: — Other, including parts",Free,,,,,0.3.4,2026-10-07
82024060,8202.40.60,"Handsaws, and metal parts thereof; blades for saws of all kinds (including slitting, slotting or toothless saw blades), and base metal parts thereof: — Chain saw blades, and parts thereof: — Other",Free,,,,,0.3.4,2026-10-07
82032060,8203.20.60,"Files, rasps, pliers (including cutting pliers), pincers, tweezers, metal cutting shears, pipe cutters, bolt cutters, perforating punches and similar handtools, and base metal parts thereof: — Pliers (including cutting pliers), pincers, tweezers and similar tools, and parts thereof: — Other: — Other (except parts)",12¢/doz. + 5.5%,,,,,0.3.4,2026-10-07
82041100,8204.11.00,"Hand-operated spanners and wrenches (including torque meter wrenches but not including tap wrenches); socket wrenches, with or without handles, drives or extensions; base metal parts thereof: — Hand-operated spanners and wrenches, and parts thereof: — Nonadjustable, and parts thereof",9%,,,,,0.3.4,2026-10-07
82055130,8205.51.30,"Handtools (including glass cutters) not elsewhere specified or included; blow torches and similar self-contained torches; vises, clamps and the like, other than accessories for and parts of machine tools or water-jet cutting machines; anvils; portable forges; hand- or pedal-operated grinding wheels with frameworks; base metal parts thereof: — Other handtools (including glass cutters) and parts thereof: — Household tools, and parts thereof: — Of iron or steel: — Other (including parts)",3.7%,,,,,0.3.4,2026-10-07
82055930,8205.59.30,"Handtools (including glass cutters) not elsewhere specified or included; blow torches and similar self-contained torches; vises, clamps and the like, other than accessories for and parts of machine tools or water-jet cutting machines; anvils; portable forges; hand- or pedal-operated grinding wheels with frameworks; base metal parts thereof: — Other handtools (including glass cutters) and parts thereof: — Other: — Crowbars, track tools and wedges, and parts thereof",Free,,,,,0.3.4,2026-10-07
82055955,8205.59.55,"Handtools (including glass cutters) not elsewhere specified or included; blow torches and similar self-contained torches; vises, clamps and the like, other than accessories for and parts of machine tools or water-jet cutting machines; anvils; portable forges; hand- or pedal-operated grinding wheels with frameworks; base metal parts thereof: — Other handtools (including glass cutters) and parts thereof: — Other: — Other: — Of iron or steel — Other",5.3%,,,,,0.3.4,2026-10-07
82057000,8205.70.00,"Handtools (including glass cutters) not elsewhere specified or included; blow torches and similar self-contained torches; vises, clamps and the like, other than accessories for and parts of machine tools or water-jet cutting machines; anvils; portable forges; hand- or pedal-operated grinding wheels with frameworks; base metal parts thereof: — Vises, clamps and the like, and parts thereof",5%,,,,,0.3.4,2026-10-07
82071930,8207.19.30,"Interchangeable tools for handtools, whether or not power operated, or for machine-tools (for example, for pressing, stamping, punching, tapping, threading, drilling, boring, broaching, milling, turning or screwdriving), including dies for drawing or extruding metal, and rock drilling or earth boring tools; base metal parts thereof: — Rock drilling or earth boring tools, and parts thereof: — Other, including parts: — With cutting part containing by weight over 0.2 percent of chromium, molybdenum, or tungsten or over 0.1 percent of vanadium",5%,,,,,0.3.4,2026-10-07
82071960,8207.19.60,"Interchangeable tools for handtools, whether or not power operated, or for machine-tools (for example, for pressing, stamping, punching, tapping, threading, drilling, boring, broaching, milling, turning or screwdriving), including dies for drawing or extruding metal, and rock drilling or earth boring tools; base metal parts thereof: — Rock drilling or earth boring tools, and parts thereof: — Other, including parts: — Other",2.9%,,,,,0.3.4,2026-10-07
82072000,8207.20.00,"Interchangeable tools for handtools, whether or not power operated, or for machine-tools (for example, for pressing, stamping, punching, tapping, threading, drilling, boring, broaching, milling, turning or screwdriving), including dies for drawing or extruding metal, and rock drilling or earth boring tools; base metal parts thereof: — Dies for drawing or extruding metal, and parts thereof",3.9%,,,,,0.3.4,2026-10-07
83011060,8301.10.60,"Padlocks and locks (key, combination or electrically operated), of base metal; clasps and frames with clasps, incorporating locks, of base metal; keys and parts of any of the foregoing articles, of base metal: — Padlocks: — Of cylinder or pin tumbler construction: — Not over 3.8 cm in width",6.1%,,,,,0.3.4,2026-10-07
83012000,8301.20.00,"Padlocks and locks (key, combination or electrically operated), of base metal; clasps and frames with clasps, incorporating locks, of base metal; keys and parts of any of the foregoing articles, of base metal: — Locks of a kind used on motor vehicles",5.7%,,,,,0.3.4,2026-10-07
83013000,8301.30.00,"Padlocks and locks (key, combination or electrically operated), of base metal; clasps and frames with clasps, incorporating locks, of base metal; keys and parts of any of the foregoing articles, of base metal: — Locks of a kind used for furniture",5.7%,,,,,0.3.4,2026-10-07
83014060,8301.40.60,"Padlocks and locks (key, combination or electrically operated), of base metal; clasps and frames with clasps, incorporating locks, of base metal; keys and parts of any of the foregoing articles, of base metal: — Other locks: — Other",5.7%,,,,,0.3.4,2026-10-07
83016000,8301.60.00,"Padlocks and locks (key, combination or electrically operated), of base metal; clasps and frames with clasps, incorporating locks, of base metal; keys and parts of any of the foregoing articles, of base metal: — Parts",2.8%,,,,,0.3.4,2026-10-07
83017000,8301.70.00,"Padlocks and locks (key, combination or electrically operated), of base metal; clasps and frames with clasps, incorporating locks, of base metal; keys and parts of any of the foregoing articles, of base metal: — Keys presented separately",4.5%,,,,,0.3.4,2026-10-07
83021060,8302.10.60,"Base metal mountings, fittings and similar articles suitable for furniture, doors, staircases, windows, blinds, coachwork, saddlery, trunks, chests, caskets or the like; base metal hat racks, hat-pegs, brackets and similar fixtures; castors with mountings of base metal; automatic door closers of base metal; and base metal parts thereof: — Hinges, and parts thereof: — Of iron or steel, of aluminum or of zinc: — Other",3.5%,,,,,0.3.4,2026-10-07
83021090,8302.10.90,"Base metal mountings, fittings and similar articles suitable for furniture, doors, staircases, windows, blinds, coachwork, saddlery, trunks, chests, caskets or the like; base metal hat racks, hat-pegs, brackets and similar fixtures; castors with mountings of base metal; automatic door closers of base metal; and base metal parts thereof: — Hinges, and parts thereof: — Other",3.4%,,,,,0.3.4,2026-10-07
83023030,8302.30.30,"Base metal mountings, fittings and similar articles suitable for furniture, doors, staircases, windows, blinds, coachwork, saddlery, trunks, chests, caskets or the like; base metal hat racks, hat-pegs, brackets and similar fixtures; castors with mountings of base metal; automatic door closers of base metal; and base metal parts thereof: — Other mountings, fittings and similar articles suitable for motor vehicles; and parts thereof: — Of iron or steel, of aluminum or of zinc",2%,,,,,0.3.4,2026-10-07
83024160,8302.41.60,"Base metal mountings, fittings and similar articles suitable for furniture, doors, staircases, windows, blinds, coachwork, saddlery, trunks, chests, caskets or the like; base metal hat racks, hat-pegs, brackets and similar fixtures; castors with mountings of base metal; automatic door closers of base metal; and base metal parts thereof: — Other mountings, fittings and similar articles, and parts thereof: — Suitable for buildings: — Other: — Of iron or steel, of aluminum or of zinc",3.9%,,,,,0.3.4,2026-10-07
83024190,8302.41.90,"Base metal mountings, fittings and similar articles suitable for furniture, doors, staircases, windows, blinds, coachwork, saddlery, trunks, chests, caskets or the like; base metal hat racks, hat-pegs, brackets and similar fixtures; castors with mountings of base metal; automatic door closers of base metal; and base metal parts thereof: — Other mountings, fittings and similar articles, and parts thereof: — Suitable for buildings: — Other: — Other",3.5%,,,,,0.3.4,2026-10-07
83024230,8302.42.30,"Base metal mountings, fittings and similar articles suitable for furniture, doors, staircases, windows, blinds, coachwork, saddlery, trunks, chests, caskets or the like; base metal hat racks, hat-pegs, brackets and similar fixtures; castors with mountings of base metal; automatic door closers of base metal; and base metal parts thereof: — Other mountings, fittings and similar articles, and parts thereof: — Other, suitable for furniture: — Of iron or steel, of aluminum or of zinc",3.9%,,,,,0.3.4,2026-10-07
83024960,8302.49.60,"Base metal mountings, fittings and similar articles suitable for furniture, doors, staircases, windows, blinds, coachwork, saddlery, trunks, chests, caskets or the like; base metal hat racks, hat-pegs, brackets and similar fixtures; castors with mountings of base metal; automatic door closers of base metal; and base metal parts thereof: — Other mountings, fittings and similar articles, and parts thereof: — Other: — Other: — Of iron or steel, of aluminum or of zinc",5.7%,,,,,0.3.4,2026-10-07
83024980,8302.49.80,"Base metal mountings, fittings and similar articles suitable for furniture, doors, staircases, windows, blinds, coachwork, saddlery, trunks, chests, caskets or the like; base metal hat racks, hat-pegs, brackets and similar fixtures; castors with mountings of base metal; automatic door closers of base metal; and base metal parts thereof: — Other mountings, fittings and similar articles, and parts thereof: — Other: — Other: — Other",3.5%,,,,,0.3.4,2026-10-07
83062900,8306.29.00,"Statuettes and other ornaments, of base metal (e.g. key chains and key rings)",2.9%,3,25,,,0.3.4,2026-10-07
84029000,8402.90.00,Steam or other vapor generating boilers (other than central heating hot water boilers capable also of producing low pressure steam); super-heated water boilers; parts thereof: — Parts,4.3%,,,,,0.3.4,2026-10-07
84041000,8404.10.00,"Auxiliary plant for use with boilers of heading 8402 or 8403 (for example, economizers, super-heaters, soot removers, gas recoverers); condensers for steam or other vapor power units; parts thereof: — Auxiliary plant for use with boilers of heading 8402 or 8403",3.5%,,,,,0.3.4,2026-10-07
84068110,8406.81.10,"Steam turbines and other vapor turbines, and parts thereof: — Other turbines: — Of an output exceeding 40 MW: — Steam turbines",6.7%,,,,,0.3.4,2026-10-07
84068210,8406.82.10,"Steam turbines and other vapor turbines, and parts thereof: — Other turbines: — Of an output not exceeding 40 MW: — Steam turbines",6.7%,,,,,0.3.4,2026-10-07
84069045,8406.90.45,"Steam turbines and other vapor turbines, and parts thereof: — Parts: — Of steam turbines: — Other",5%,,,,,0.3.4,2026-10-07
84071000,8407.10.00,Spark-ignition reciprocating or rotary internal combustion piston engines: — Aircraft engines,Free,,,,,0.3.4,2026-10-07
84072100,8407.21.00,Spark-ignition reciprocating or rotary internal combustion piston engines: — Marine propulsion engines: — Outboard motors,Free,,,,,0.3.4,2026-10-07
84072900,8407.29.00,Spark-ignition reciprocating or rotary internal combustion piston engines: — Marine propulsion engines: — Other,Free,,,,,0.3.4,2026-10-07
84073100,8407.31.00,Spark-ignition reciprocating or rotary internal combustion piston engines: — Reciprocating piston engines of a kind used for the propulsion of vehicles of chapter 87: — Of a cylinder capacity not exceeding 50 cc,Free,,,,,0.3.4,2026-10-07
84073220,8407.32.20,"Spark-ignition reciprocating or rotary internal combustion piston engines: — Reciprocating piston engines of a kind used for the propulsion of vehicles of chapter 87: — Of a cylinder capacity exceeding 50 cc but not exceeding 250 cc: — To be installed in vehicles of subheading 8701.21, 8701.22, 8701.23, 8701.24 or 8701.29, or heading 8702, 8703 or 8704",Free,,,,,0.3.4,2026-10-07
84073290,8407.32.90,Spark-ignition reciprocating or rotary internal combustion piston engines: — Reciprocating piston engines of a kind used for the propulsion of vehicles of chapter 87: — Of a cylinder capacity exceeding 50 cc but not exceeding 250 cc: — Other,Free,,,,,0.3.4,2026-10-07
84073310,8407.33.10,"Spark-ignition reciprocating or rotary internal combustion piston engines: — Reciprocating piston engines of a kind used for the propulsion of vehicles of chapter 87: — Of a cylinder capacity exceeding 250 cc but not exceeding 1,000 cc: — To be installed in tractors suitable for agricultural use",Free,,,,,0.3.4,2026-10-07
84073330,8407.33.30,"Spark-ignition reciprocating or rotary internal combustion piston engines: — Reciprocating piston engines of a kind used for the propulsion of vehicles of chapter 87: — Of a cylinder capacity exceeding 250 cc but not exceeding 1,000 cc: — To be installed in vehicles of subheading 8701.21, 8701.22, 8701.23, 8701.24 or 8701.29, or heading 8702, 8703 or 8704: — To be installed in vehicles specially designed for traveling on snow, golf carts, non-amphibious all-terrain vehicles and burden carriers",Free,,,,,0.3.4,2026-10-07
84073360,8407.33.60,"Spark-ignition reciprocating or rotary internal combustion piston engines: — Reciprocating piston engines of a kind used for the propulsion of vehicles of chapter 87: — Of a cylinder capacity exceeding 250 cc but not exceeding 1,000 cc: — To be installed in vehicles of subheading 8701.21, 8701.22, 8701.23, 8701.24 or 8701.29, or heading 8702, 8703 or 8704: — Other",2.5%,,,,,0.3.4,2026-10-07
84713001,8471.30.01,"Portable automatic data processing machines, weighing not more than 10 kg (laptop computers)",Free,,,,,0.3.4,2026-10-07
84716020,8471.60.20,Keyboards (input or output units for automatic data processing machines),Free,,,,,0.3.4,2026-10-07
85011040,8501.10.40,Electric motors and generators (excluding generating sets): — Motors of an output not exceeding 37.5 W: — Of under 18.65 W: — Other,4.4%,,,,,0.3.4,2026-10-07
85011060,8501.10.60,Electric motors and generators (excluding generating sets): — Motors of an output not exceeding 37.5 W: — Of 18.65 W or more but not exceeding 37.5 W,2.8%,,,,,0.3.4,2026-10-07
85013255,8501.32.55,"Electric motors and generators (excluding generating sets): — Other DC motors; DC generators, other than photovoltaic generators: — Of an output exceeding 750 W but not exceeding 75 kW: — Motors: — Other: — Other",Free,,,,,0.3.4,2026-10-07
85013320,8501.33.20,"Electric motors and generators (excluding generating sets): — Other DC motors; DC generators, other than photovoltaic generators: — Of an output exceeding 75 kW but not exceeding 375 kW: — Motors: — Exceeding 75 kW but under 149.2 kW",Free,,,,,0.3.4,2026-10-07
85013340,8501.33.40,"Electric motors and generators (excluding generating sets): — Other DC motors; DC generators, other than photovoltaic generators: — Of an output exceeding 75 kW but not exceeding 375 kW: — Motors: — Other",2.8%,,,,,0.3.4,2026-10-07
85014020,8501.40.20,"Electric motors and generators (excluding generating sets): — Other AC motors, single-phase: — Of an output exceeding 37.5 W but not exceeding 74.6 W",3.3%,,,,,0.3.4,2026-10-07
85014040,8501.40.40,"Electric motors and generators (excluding generating sets): — Other AC motors, single-phase: — Of an output exceeding 74.6 W but not exceeding 735 W",4%,,,,,0.3.4,2026-10-07
85014050,8501.40.50,"Electric motors and generators (excluding generating sets): — Other AC motors, single-phase: — Of an output exceeding 735 W but under 746 W",3.3%,,,,,0.3.4,2026-10-07
85014060,8501.40.60,"Electric motors and generators (excluding generating sets): — Other AC motors, single-phase: — Other",3.7%,,,,,0.3.4,2026-10-07
85015120,8501.51.20,"Electric motors and generators (excluding generating sets): — Other AC motors, multi-phase: — Of an output not exceeding 750 W: — Exceeding 37.5 W but not exceeding 74.6 W",2.5%,,,,,0.3.4,2026-10-07
85015140,8501.51.40,"Electric motors and generators (excluding generating sets): — Other AC motors, multi-phase: — Of an output not exceeding 750 W: — Exceeding 74.6 W but not exceeding 735 W",2.5%,,,,,0.3.4,2026-10-07
85015150,8501.51.50,"Electric motors and generators (excluding generating sets): — Other AC motors, multi-phase: — Of an output not exceeding 750 W: — Exceeding 735 W but under 746 W",3.3%,,,,,0.3.4,2026-10-07
85015160,8501.51.60,"Electric motors and generators (excluding generating sets): — Other AC motors, multi-phase: — Of an output not exceeding 750 W: — Other",2.5%,,,,,0.3.4,2026-10-07
85015280,8501.52.80,"Electric motors and generators (excluding generating sets): — Other AC motors, multi-phase: — Of an output exceeding 750 W but not exceeding 75 kW: — Other",Free,,,,,0.3.4,2026-10-07
85044095,8504.40.95,"Static converters, other (e.g. power supplies and AC/DC adapters)",Free,3,25,,,0.3.4,2026-10-07
85076000,8507.60.00,"Lithium-ion batteries (battery packs, power banks, energy storage)",3.4%,review,25,,,0.3.4,2026-10-07
85171300,8517.13.00,Smartphones,Free,,,,,0.3.4,2026-10-07
85176200,8517.62.00,"Machines for the reception, conversion and transmission or regeneration of voice, images or other data, including switching and routing apparatus (routers, switches, modems)",Free,,,,,0.3.4,2026-10-07
85183020,8518.30.20,"Headphones and earphones, whether or not combined with a microphone",Free,,,,,0.3.4,2026-10-07
85238010,8523.80.10,Phonograph records (vinyl records),Free,4A,7.5,,,0.3.4,2026-10-07
87012100,8701.21.00,Tractors (other than tractors of heading 8709): — Road tractors for semi-trailers: — With only compression-ignition internal combustion piston engine (diesel or semi-diesel),4%,,,Section 232 autos & parts (25%),25,0.3.4,2026-10-07
87012200,8701.22.00,Tractors (other than tractors of heading 8709): — Road tractors for semi-trailers: — With both compression-ignition internal combustion piston engine (diesel or semi-diesel) and electric motor as motors for propulsion,4%,,,Section 232 autos & parts (25%),25,0.3.4,2026-10-07
87012300,8701.23.00,Tractors (other than tractors of heading 8709): — Road tractors for semi-trailers: — With both spark-ignition internal combustion piston engine and electric motor as motors for propulsion,4%,,,Section 232 autos & parts (25%),25,0.3.4,2026-10-07
87012400,8701.24.00,Tractors (other than tractors of heading 8709): — Road tractors for semi-trailers: — With only electric motor for propulsion,4%,,,Section 232 autos & parts (25%),25,0.3.4,2026-10-07
87012900,8701.29.00,Tractors (other than tractors of heading 8709): — Road tractors for semi-trailers: — Other,4%,,,Section 232 autos & parts (25%),25,0.3.4,2026-10-07
87013010,8701.30.10,Tractors (other than tractors of heading 8709): — Track-laying tractors: — Suitable for agricultural use,Free,,,Section 232 autos & parts (25%),25,0.3.4,2026-10-07
87013050,8701.30.50,Tractors (other than tractors of heading 8709): — Track-laying tractors: — Other,Free,,,Section 232 autos & parts (25%),25,0.3.4,2026-10-07
87031050,8703.10.50,"Motor cars and other motor vehicles principally designed for the transport of persons (other than those of heading 8702), including station wagons and racing cars: — Vehicles specially designed for traveling on snow; golf carts and similar vehicles: — Other",2.5%,,,Section 232 autos & parts (25%),25,0.3.4,2026-10-07
87032101,8703.21.01,"Motor cars and other motor vehicles principally designed for the transport of persons (other than those of heading 8702), including station wagons and racing cars: — Other vehicles, with only spark-ignition internal combustion piston engines: — Of a cylinder capacity not exceeding 1,000 cc",2.5%,,,Section 232 autos & parts (25%),25,0.3.4,2026-10-07
87032201,8703.22.01,"Motor cars and other motor vehicles principally designed for the transport of persons (other than those of heading 8702), including station wagons and racing cars: — Other vehicles, with only spark-ignition internal combustion piston engines: — Of a cylinder capacity exceeding 1,000 cc but not exceeding 1,500 cc",2.5%,,,Section 232 autos & parts (25%),25,0.3.4,2026-10-07
87032300,8703.23.00,Motor cars with spark-ignition engine of 1500cc-3000cc,2.5%,,,Section 232 autos & parts (25%),25,0.3.4,2026-10-07
87032301,8703.23.01,"Motor cars and other motor vehicles principally designed for the transport of persons (other than those of heading 8702), including station wagons and racing cars: — Other vehicles, with only spark-ignition internal combustion piston engines: — Of a cylinder capacity exceeding 1,500 cc but not exceeding 3,000 cc",2.5%,,,Section 232 autos & parts (25%),25,0.3.4,2026-10-07
87032401,8703.24.01,"Motor cars and other motor vehicles principally designed for the transport of persons (other than those of heading 8702), including station wagons and racing cars: — Other vehicles, with only spark-ignition internal combustion piston engines: — Of a cylinder capacity exceeding 3,000 cc",2.5%,,,Section 232 autos & parts (25%),25,0.3.4,2026-10-07
87033201,8703.32.01,"Motor cars and other motor vehicles principally designed for the transport of persons (other than those of heading 8702), including station wagons and racing cars: — Other vehicles, with only compression-ignition internal combustion piston engine (diesel or semi-diesel): — Of a cylinder capacity exceeding 1,500 cc but not exceeding 2,500 cc",2.5%,,,Section 232 autos & parts (25%),25,0.3.4,2026-10-07
87033301,8703.33.01,"Motor cars and other motor vehicles principally designed for the transport of persons (other than those of heading 8702), including station wagons and racing cars: — Other vehicles, with only compression-ignition internal combustion piston engine (diesel or semi-diesel): — Of a cylinder capacity exceeding 2,500 cc",2.5%,,,Section 232 autos & parts (25%),25,0.3.4,2026-10-07
90011000,9001.10.00,"Optical fibers and optical fiber bundles; optical fiber cables other than those of heading 8544; sheets and plates of polarizing material; lenses (including contact lenses), prisms, mirrors and other optical elements, of any material, unmounted, other than such elements of glass not optically worked: — Optical fibers, optical fiber bundles and cables",6.7%,,,,,0.3.4,2026-10-07
90041000,9004.10.00,Sunglasses,20%,4A,7.5,,,0.3.4,2026-10-07
90049000,9004.90.00,"Spectacles, goggles and the like, corrective, protective or other: — Other",2.5%,4A,7.5,,,0.3.4,2026-10-07
90051000,9005.10.00,"Binoculars, monoculars, other optical telescopes, and mountings therefor; other astronomical instruments and mountings therefor, but not including instruments for radio-astronomy; parts and accessories thereof: — Binoculars",Free,,,,,0.3.4,2026-10-07
90058040,9005.80.40,"Binoculars, monoculars, other optical telescopes, and mountings therefor; other astronomical instruments and mountings therefor, but not including instruments for radio-astronomy; parts and accessories thereof: — Other instruments: — Optical telescopes",8%,,,,,0.3.4,2026-10-07
90065302,9006.53.02,Photographic (other than cinematographic) cameras; photographic flashlight apparatus and flashbulbs other than discharge lamps of heading 8539; parts and accessories thereof: — Other cameras: — For roll film of a width of 35 mm,Free,,,,,0.3.4,2026-10-07
90065901,9006.59.01,Photographic (other than cinematographic) cameras; photographic flashlight apparatus and flashbulbs other than discharge lamps of heading 8539; parts and accessories thereof: — Other cameras: — Other: — For roll film of a width less than 35mm: — With through-the-lens viewfinder (single lens reflex (SLR)),Free,,,,,0.3.4,2026-10-07
90065905,9006.59.05,Photographic (other than cinematographic) cameras; photographic flashlight apparatus and flashbulbs other than discharge lamps of heading 8539; parts and accessories thereof: — Other cameras: — Other: — For roll film of a width less than 35mm: — Other: — Fixed focus: — Hand held: — 110 cameras,Free,,,,,0.3.4,2026-10-07
90065915,9006.59.15,Photographic (other than cinematographic) cameras; photographic flashlight apparatus and flashbulbs other than discharge lamps of heading 8539; parts and accessories thereof: — Other cameras: — Other: — For roll film of a width less than 35mm: — Other: — Other than fixed focus: — Valued over $10 each,Free,,,,,0.3.4,2026-10-07
90065940,9006.59.40,Photographic (other than cinematographic) cameras; photographic flashlight apparatus and flashbulbs other than discharge lamps of heading 8539; parts and accessories thereof: — Other cameras: — Other: — Other: — Fixed focus,4%,,,,,0.3.4,2026-10-07
90066100,9006.61.00,"Photographic (other than cinematographic) cameras; photographic flashlight apparatus and flashbulbs other than discharge lamps of heading 8539; parts and accessories thereof: — Photographic flashlight apparatus and flashbulbs: — Discharge lamp (""electronic"") flashlight apparatus",Free,,,,,0.3.4,2026-10-07
90066901,9006.69.01,Photographic (other than cinematographic) cameras; photographic flashlight apparatus and flashbulbs other than discharge lamps of heading 8539; parts and accessories thereof: — Photographic flashlight apparatus and flashbulbs: — Other,Free,,,,,0.3.4,2026-10-07
90072060,9007.20.60,"Cinematographic cameras and projectors, whether or not incorporating sound recording or reproducing apparatus; parts and accessories thereof: — Projectors: — Other: — With sound recording and reproducing systems; and those capable of projecting only sound motion pictures",Free,,,,,0.3.4,2026-10-07
90141070,9014.10.70,Direction finding compasses; other navigational instruments and appliances; parts and accessories thereof: — Direction finding compasses: — Other: — Other: — Electrical,Free,,,,,0.3.4,2026-10-07
90142080,9014.20.80,Direction finding compasses; other navigational instruments and appliances; parts and accessories thereof: — Instruments and appliances for aeronautical or space navigation (other than compasses): — Other: — Other: — Other,Free,,,,,0.3.4,2026-10-07
91011140,9101.11.40,"Wrist watches, pocket watches and other watches, including stop watches, with case of precious metal or of metal clad with precious metal: — Wrist watches, electrically operated, whether or not incorporating a stop watch facility: — With mechanical display only: — Having no jewels or only one jewel in the movement","51¢ each + 6.25% on the case and strap, band or bracelet + 5.3% on the battery",,,,,0.3.4,2026-10-07
91011180,9101.11.80,"Wrist watches, pocket watches and other watches, including stop watches, with case of precious metal or of metal clad with precious metal: — Wrist watches, electrically operated, whether or not incorporating a stop watch facility: — With mechanical display only: — Other","87¢ each + 6.25% on the case and strap, band or bracelet + 5.3% on the battery",,,,,0.3.4,2026-10-07
91011920,9101.19.20,"Wrist watches, pocket watches and other watches, including stop watches, with case of precious metal or of metal clad with precious metal: — Wrist watches, electrically operated, whether or not incorporating a stop watch facility: — Other: — With opto-electronic display only.",Free,,,,,0.3.4,2026-10-07
91011940,9101.19.40,"Wrist watches, pocket watches and other watches, including stop watches, with case of precious metal or of metal clad with precious metal: — Wrist watches, electrically operated, whether or not incorporating a stop watch facility: — Other: — Other, having no jewels or only one jewel in the movement","41¢ each + 5% on case and strap, band or bracelet + 4.2% on the battery",,,,,0.3.4,2026-10-07
91011980,9101.19.80,"Wrist watches, pocket watches and other watches, including stop watches, with case of precious metal or of metal clad with precious metal: — Wrist watches, electrically operated, whether or not incorporating a stop watch facility: — Other: — Other","61¢ each + 4.4% on case and strap, band or bracelet + 3.7% on the battery",,,,,0.3.4,2026-10-07
91012150,9101.21.50,"Wrist watches, pocket watches and other watches, including stop watches, with case of precious metal or of metal clad with precious metal: — Other wrist watches, whether or not incorporating a stop watch facility: — With automatic winding: — Having over 17 jewels in the movement: — Other",Free,,,,,0.3.4,2026-10-07
91012180,9101.21.80,"Wrist watches, pocket watches and other watches, including stop watches, with case of precious metal or of metal clad with precious metal: — Other wrist watches, whether or not incorporating a stop watch facility: — With automatic winding: — Other","$1.61 each + 4.4% on the case and strap, band or bracelet",,,,,0.3.4,2026-10-07
91012910,9101.29.10,"Wrist watches, pocket watches and other watches, including stop watches, with case of precious metal or of metal clad with precious metal: — Other wrist watches, whether or not incorporating a stop watch facility: — Other: — Having no jewels or only one jewel in the movement","40¢ each + 5% on the case and strap, band or bracelet",,,,,0.3.4,2026-10-07
91012920,9101.29.20,"Wrist watches, pocket watches and other watches, including stop watches, with case of precious metal or of metal clad with precious metal: — Other wrist watches, whether or not incorporating a stop watch facility: — Other: — Having over 1 jewel but not over 7 jewels in the movement","61¢ each + 4.4% on the case and strap, band or bracelet",,,,,0.3.4,2026-10-07
91012930,9101.29.30,"Wrist watches, pocket watches and other watches, including stop watches, with case of precious metal or of metal clad with precious metal: — Other wrist watches, whether or not incorporating a stop watch facility: — Other: — Having over 7 jewels but not over 17 jewels in the movement: — With movement valued not over $15 each — With movement measuring not over 15.2 mm","$2.28 each + 5% on the case and strap, band or bracelet",,,,,0.3.4,2026-10-07
91012940,9101.29.40,"Wrist watches, pocket watches and other watches, including stop watches, with case of precious metal or of metal clad with precious metal: — Other wrist watches, whether or not incorporating a stop watch facility: — Other: — Having over 7 jewels but not over 17 jewels in the movement: — With movement valued not over $15 each — With movement measuring over 15.2 mm","$1.92 each + 5% on the case and strap, band or bracelet",,,,,0.3.4,2026-10-07
91012950,9101.29.50,"Wrist watches, pocket watches and other watches, including stop watches, with case of precious metal or of metal clad with precious metal: — Other wrist watches, whether or not incorporating a stop watch facility: — Other: — Having over 7 jewels but not over 17 jewels in the movement: — With movement valued over $15 each","90¢ each + 4.4% on the case and strap, band or bracelet",,,,,0.3.4,2026-10-07
91012990,9101.29.90,"Wrist watches, pocket watches and other watches, including stop watches, with case of precious metal or of metal clad with precious metal: — Other wrist watches, whether or not incorporating a stop watch facility: — Other: — Having over 17 jewels in the movement: — Other",Free,,,,,0.3.4,2026-10-07
91019140,9101.91.40,"Wrist watches, pocket watches and other watches, including stop watches, with case of precious metal or of metal clad with precious metal: — Other: — Electrically operated: — Other: — Having no jewels or only one jewel in the movement",Free,,,,,0.3.4,2026-10-07
91021220,9102.12.20,"Wrist watches with opto-electronic display only, of textile material or of base metal (whether or not gold- or silver-plated)",Free,,,,,0.3.4,2026-10-07
94013900,9401.39.00,"Seats (other than those of heading 9402), whether or not convertible into beds, and parts thereof: — Swivel seats with variable height adjustment: — Other",Free,,,Section 232 furniture (25%),25,0.3.4,2026-10-07
94016120,9401.61.20,"Seats (other than those of heading 9402), whether or not convertible into beds, and parts thereof: — Other seats, with wooden frames: — Upholstered: — Chairs: — Of teak",Free,,,Section 232 furniture (25%),25,0.3.4,2026-10-07
94016140,9401.61.40,"Seats (other than those of heading 9402), whether or not convertible into beds, and parts thereof: — Other seats, with wooden frames: — Upholstered: — Chairs: — Other",Free,,,Section 232 furniture (25%),25,0.3.4,2026-10-07
94016160,9401.61.60,"Seats (other than those of heading 9402), whether or not convertible into beds, and parts thereof: — Other seats, with wooden frames: — Upholstered: — Other",Free,,,Section 232 furniture (25%),25,0.3.4,2026-10-07
94016920,9401.69.20,"Seats (other than those of heading 9402), whether or not convertible into beds, and parts thereof: — Other seats, with wooden frames: — Other: — Bent-wood seats",Free,,,Section 232 furniture (25%),25,0.3.4,2026-10-07
94016940,9401.69.40,"Seats (other than those of heading 9402), whether or not convertible into beds, and parts thereof: — Other seats, with wooden frames: — Other: — Other: — Chairs: — Of teak",Free,,,Section 232 furniture (25%),25,0.3.4,2026-10-07
94016960,9401.69.60,"Seats (other than those of heading 9402), whether or not convertible into beds, and parts thereof: — Other seats, with wooden frames: — Other: — Other: — Chairs: — Other",Free,,,Section 232 furniture (25%),25,0.3.4,2026-10-07
94016980,9401.69.80,"Seats (other than those of heading 9402), whether or not convertible into beds, and parts thereof: — Other seats, with wooden frames: — Other: — Other: — Other",Free,,,Section 232 furniture (25%),25,0.3.4,2026-10-07
94017100,9401.71.00,"Seats (other than those of heading 9402), whether or not convertible into beds, and parts thereof: — Other seats, with metal frames: — Upholstered",Free,,,Section 232 furniture (25%),25,0.3.4,2026-10-07
94017900,9401.79.00,"Seats (other than those of heading 9402), whether or not convertible into beds, and parts thereof: — Other seats, with metal frames: — Other",Free,,,Section 232 furniture (25%),25,0.3.4,2026-10-07
94018020,9401.80.20,"Seats (other than those of heading 9402), whether or not convertible into beds, and parts thereof: — Other seats: — Of rubber or plastics: — Of reinforced or laminated plastics",Free,,,Section 232 furniture (25%),25,0.3.4,2026-10-07
94018040,9401.80.40,"Seats (other than those of heading 9402), whether or not convertible into beds, and parts thereof: — Other seats: — Of rubber or plastics: — Other",Free,,,Section 232 furniture (25%),25,0.3.4,2026-10-07
94018060,9401.80.60,"Seats (other than those of heading 9402), whether or not convertible into beds, and parts thereof: — Other seats: — Other",Free,,,Section 232 furniture (25%),25,0.3.4,2026-10-07
94019190,9401.91.90,"Seats (other than those of heading 9402), whether or not convertible into beds, and parts thereof: — Parts: — Of wood: — Other",Free,,,Section 232 furniture (25%),25,0.3.4,2026-10-07
94032000,9403.20.00,Other metal furniture,Free,,,Section 232 furniture (25%),25,0.3.4,2026-10-07
95030000,9503.00.00,"Tricycles, scooters, dolls, other toys, scale models and puzzles",Free,,,,,0.3.4,2026-10-07
95043000,9504.30.00,"Video game consoles and machines, table or parlor games, including pinball machines, billiards, special tables for casino games and automatic bowling equipment, amusement machines operated by coins, banknotes, bank cards, tokens or by any other means of payment: — Other games, operated by coins, banknotes, bank cards, tokens or by any other means of payment, other than automatic bowling alley equipment; parts and accessories thereof",Free,,,,,0.3.4,2026-10-07
95049090,9504.90.90,"Video game consoles and machines, table or parlor games, including pinball machines, billiards, special tables for casino games and automatic bowling equipment, amusement machines operated by coins, banknotes, bank cards, tokens or by any other means of payment: — Other: — Other: — Other",Free,,,,,0.3.4,2026-10-07
95051040,9505.10.40,"Festive, carnival or other entertainment articles, including magic tricks and practical joke articles; parts and accessories thereof: — Articles for Christmas festivities and parts and accessories thereof: — Other: — Of plastics",Free,,,,,0.3.4,2026-10-07
95051050,9505.10.50,"Festive, carnival or other entertainment articles, including magic tricks and practical joke articles; parts and accessories thereof: — Articles for Christmas festivities and parts and accessories thereof: — Other: — Other",Free,,,,,0.3.4,2026-10-07
95061140,9506.11.40,"Articles and equipment for general physical exercise, gymnastics, athletics, other sports (including table-tennis) or outdoor games, not specified or included elsewhere in this chapter; swimming pools and wading pools; parts and accessories thereof: — Snow-skis and other snow-ski equipment; parts and accessories thereof: — Skis and parts and accessories thereof, except ski poles: — Other skis",2.6%,,,,,0.3.4,2026-10-07
95061980,9506.19.80,"Articles and equipment for general physical exercise, gymnastics, athletics, other sports (including table-tennis) or outdoor games, not specified or included elsewhere in this chapter; swimming pools and wading pools; parts and accessories thereof: — Snow-skis and other snow-ski equipment; parts and accessories thereof: — Other: — Other",2.8%,,,,,0.3.4,2026-10-07
95062900,9506.29.00,"Articles and equipment for general physical exercise, gymnastics, athletics, other sports (including table-tennis) or outdoor games, not specified or included elsewhere in this chapter; swimming pools and wading pools; parts and accessories thereof: — Water skis, surf boards, sailboards and other water- sport equipment; parts and accessories thereof: — Other",Free,,,,,0.3.4,2026-10-07
95063900,9506.39.00,"Articles and equipment for general physical exercise, gymnastics, athletics, other sports (including table-tennis) or outdoor games, not specified or included elsewhere in this chapter; swimming pools and wading pools; parts and accessories thereof: — Golf clubs and other golf equipment; parts and accessories thereof: — Other",4.9%,,,,,0.3.4,2026-10-07
95065940,9506.59.40,"Articles and equipment for general physical exercise, gymnastics, athletics, other sports (including table-tennis) or outdoor games, not specified or included elsewhere in this chapter; swimming pools and wading pools; parts and accessories thereof: — Tennis, badminton or similar rackets, whether or not strung; parts and accessories thereof: — Other: — Badminton rackets and parts and accessories thereof",5.6%,,,,,0.3.4,2026-10-07
95065980,9506.59.80,"Articles and equipment for general physical exercise, gymnastics, athletics, other sports (including table-tennis) or outdoor games, not specified or included elsewhere in this chapter; swimming pools and wading pools; parts and accessories thereof: — Tennis, badminton or similar rackets, whether or not strung; parts and accessories thereof: — Other: — Other",4%,,,,,0.3.4,2026-10-07
95066240,9506.62.40,"Articles and equipment for general physical exercise, gymnastics, athletics, other sports (including table-tennis) or outdoor games, not specified or included elsewhere in this chapter; swimming pools and wading pools; parts and accessories thereof: — Balls, other than golf balls and table-tennis balls: — Inflatable balls: — Footballs and soccer balls",Free,,,,,0.3.4,2026-10-07
95066280,9506.62.80,"Articles and equipment for general physical exercise, gymnastics, athletics, other sports (including table-tennis) or outdoor games, not specified or included elsewhere in this chapter; swimming pools and wading pools; parts and accessories thereof: — Balls, other than golf balls and table-tennis balls: — Inflatable balls: — Other",4.8%,,,,,0.3.4,2026-10-07
95066920,9506.69.20,"Articles and equipment for general physical exercise, gymnastics, athletics, other sports (including table-tennis) or outdoor games, not specified or included elsewhere in this chapter; swimming pools and wading pools; parts and accessories thereof: — Balls, other than golf balls and table-tennis balls: — Other: — Baseballs and softballs",Free,,,,,0.3.4,2026-10-07
95069100,9506.91.00,"Articles and equipment for general physical exercise, gymnastics or athletics (yoga mats)",4.6%,4A,7.5,,,0.3.4,2026-10-07
96081000,9608.10.00,Ball point pens,0.8¢ each + 5.4%,4A,7.5,,,0.3.4,2026-10-07
96170010,9617.00.10,"Vacuum flasks and other vacuum vessels, complete with cases, capacity not exceeding 1 liter (insulated water bottles)",10%,4A,7.5,,,0.3.4,2026-10-07
